gid,role,role_score,cluster_id,priority_score,evidence
100000000011452100,consolidator,0.771812956144917,0,0.45139106688967,"Получает от 3 контрагентов; входящий оборот 110,000 KZT; достижим от 1 seed."
100000000018102100,peripheral,0.49,0,0.07875280394795872,"Входящих: 1, исходящих: 0; выраженные признаки основной структурной роли не достигли порога. Граница depth=4: дальнейшие переводы не наблюдаются."
100000000031787100,transit,0.8333333333333333,10,0.36811709386538,"Вход 90,000 KZT, выход 90,000 KZT; совпадение потока за 1–2 дня: 44%."
100000000041368100,terminal,0.7112420670897552,3,0.49228970880796086,"Получил 160,000 KZT от 1 контрагентов; исходящих в выборке нет 9 дн."
100000000076451100,consolidator,0.8315066259857102,15,0.6418340251466682,"Получает от 3 контрагентов; входящий оборот 87,707 KZT; достижим от 3 seed."
100000000089154100,distributor,0.902521613832853,0,0.42196354176062345,"Направляет 425,500 KZT 15 получателям; 21 исходящих операций."
100000000190228100,peripheral,0.49,2,0.5231049636050484,"Входящих: 1, исходящих: 1; выраженные признаки основной структурной роли не достигли порога."
100000000201868100,transit,1.0,54,0.42756393001345894,"Вход 190,000 KZT, выход 190,000 KZT; совпадение потока за 1–2 дня: 100%."
100000000254336100,peripheral,1.0,0,0.46826769970760096,"Входящих: 2, исходящих: 1; выраженные признаки основной структурной роли не достигли порога."
100000000267734100,distributor,0.813256484149856,10,0.3912156088955504,"Направляет 282,000 KZT 7 получателям; 8 исходящих операций."
100000000274067100,peripheral,1.0,10,0.3752408280841662,"Входящих: 2, исходящих: 3; выраженные признаки основной структурной роли не достигли порога."
100000000287768100,terminal,0.6179996114492942,0,0.16991475998205474,"Получил 35,168 KZT от 1 контрагентов; исходящих в выборке нет 4 дн."
100000000288317100,peripheral,0.49,0,0.4101513980091467,"Входящих: 2, исходящих: 3; выраженные признаки основной структурной роли не достигли порога."
100000000291906100,transit,0.6010696407183,50,0.47339121791808564,"Вход 388,000 KZT, выход 455,854 KZT; совпадение потока за 1–2 дня: 2%."
100000000291908100,peripheral,0.49,50,0.4062296964209079,"Входящих: 1, исходящих: 1; выраженные признаки основной структурной роли не достигли порога."
100000000297649100,peripheral,1.0,12,0.5382654826975974,"Входящих: 1, исходящих: 1; выраженные признаки основной структурной роли не достигли порога."
100000000299820100,peripheral,0.49,6,0.10024226110363393,"Входящих: 1, исходящих: 0; выраженные признаки основной структурной роли не достигли порога. Граница depth=4: дальнейшие переводы не наблюдаются."
100000000307908100,terminal,0.6019378966455122,43,0.10612382234185734,"Получил 5,000 KZT от 1 контрагентов; исходящих в выборке нет 15 дн."
100000000331309100,distributor,0.9981268011527378,5,0.8042006898585037,"Направляет 23,001,375 KZT 99 получателям; 126 исходящих операций."
100000000332284100,consolidator,0.8854617483791826,5,0.672439361394039,"Получает от 10 контрагентов; входящий оборот 107,426 KZT; достижим от 3 seed."
100000000343175100,distributor,0.9728386167146974,11,0.7854047917485792,"Направляет 4,000,039 KZT 31 получателям; 33 исходящих операций."
100000000369781100,peripheral,0.49,5,0.2816707540543616,"Входящих: 1, исходящих: 0; выраженные признаки основной структурной роли не достигли порога. Граница depth=4: дальнейшие переводы не наблюдаются."
100000000375150100,peripheral,0.49,13,0.1868012561686855,"Входящих: 1, исходящих: 0; выраженные признаки основной структурной роли не достигли порога. Граница depth=4: дальнейшие переводы не наблюдаются."
100000000404740100,peripheral,0.49,26,0.12898609241812473,"Входящих: 1, исходящих: 0; выраженные признаки основной структурной роли не достигли порога. Граница depth=4: дальнейшие переводы не наблюдаются."
100000000408846100,terminal,0.665514505893019,27,0.1410587707492149,"Получил 40,500 KZT от 1 контрагентов; исходящих в выборке нет 15 дн."
100000000413678100,peripheral,1.0,6,0.6258402532201337,"Входящих: 2, исходящих: 3; выраженные признаки основной структурной роли не достигли порога."
100000000424935100,peripheral,0.49,28,0.12506505159264242,"Входящих: 1, исходящих: 0; выраженные признаки основной структурной роли не достигли порога. Граница depth=4: дальнейшие переводы не наблюдаются."
100000000425407100,terminal,0.6368880326382592,3,0.1348362494392104,"Получил 20,000 KZT от 1 контрагентов; исходящих в выборке нет 9 дн."
100000000437046100,distributor,0.9897694524495677,0,0.8016812899703171,"Направляет 7,606,224 KZT 42 получателям; 73 исходящих операций."
100000000440392100,terminal,0.7002946509519492,4,0.3337647783589498,"Получил 105,705 KZT от 1 контрагентов; исходящих в выборке нет 12 дн."
100000000456947100,peripheral,0.2,72,0.0,0 входящих и 0 исходящих связей; seed; данных для выраженной структурной роли недостаточно.
100000000470237100,peripheral,0.49,28,0.2374652310453118,"Входящих: 1, исходящих: 0; выраженные признаки основной структурной роли не достигли порога. Граница depth=4: дальнейшие переводы не наблюдаются."
100000000481716100,terminal,0.6095874886672711,7,0.091278600269179,"Получил 8,000 KZT от 1 контрагентов; исходящих в выборке нет 9 дн."
100000000489417100,consolidator,0.7890697943486084,13,0.4078427120111526,"Получает от 3 контрагентов; входящий оборот 73,504 KZT; достижим от 2 seed."
100000000490383100,distributor,0.8470461095100865,4,0.6040646326942275,"Направляет 461,375 KZT 8 получателям; 9 исходящих операций."
100000000500040100,peripheral,0.49,0,0.2021407317012558,"Входящих: 1, исходящих: 0; выраженные признаки основной структурной роли не достигли порога. Граница depth=4: дальнейшие переводы не наблюдаются."
100000000507799100,peripheral,1.0,38,0.3772573964981608,"Входящих: 1, исходящих: 1; выраженные признаки основной структурной роли не достигли порога."
100000000533217100,terminal,0.6782638259292838,0,0.2520188425302826,"Получил 53,587 KZT от 1 контрагентов; исходящих в выборке нет 16 дн."
100000000534581100,peripheral,1.0,6,0.49070334203732713,"Входящих: 2, исходящих: 1; выраженные признаки основной структурной роли не достигли порога."
100000000542087100,peripheral,0.49,36,0.2650983000391081,"Входящих: 1, исходящих: 0; выраженные признаки основной структурной роли не достигли порога. Граница depth=4: дальнейшие переводы не наблюдаются."
100000000552584100,peripheral,1.0,24,0.40028788289012973,"Входящих: 1, исходящих: 1; выраженные признаки основной структурной роли не достигли порога."
100000000555721100,terminal,0.7022665457842249,0,0.34030582815706556,"Получил 113,000 KZT от 2 контрагентов; исходящих в выборке нет 15 дн."
100000000557536100,peripheral,0.49,36,0.41902382718132436,"Входящих: 1, исходящих: 0; выраженные признаки основной структурной роли не достигли порога. Граница depth=4: дальнейшие переводы не наблюдаются."
100000000560751100,terminal,0.6468834995466908,13,0.19491776175957787,"Получил 25,000 KZT от 1 контрагентов; исходящих в выборке нет 22 дн."
100000000561160100,peripheral,0.49,3,0.33315912559986505,"Входящих: 1, исходящих: 0; выраженные признаки основной структурной роли не достигли порога. Граница depth=4: дальнейшие переводы не наблюдаются."
100000000569479100,peripheral,0.49,0,0.26777030058322115,"Входящих: 1, исходящих: 0; выраженные признаки основной структурной роли не достигли порога."
100000000572276100,peripheral,1.0,1,0.22417875313349378,"Входящих: 1, исходящих: 1; выраженные признаки основной структурной роли не достигли порога."
100000000580561100,peripheral,1.0,44,0.38848929462967663,"Входящих: 2, исходящих: 3; выраженные признаки основной структурной роли не достигли порога."
100000000581662100,peripheral,0.49,9,0.08511440107671603,"Входящих: 1, исходящих: 0; выраженные признаки основной структурной роли не достигли порога. Граница depth=4: дальнейшие переводы не наблюдаются."
100000000581682100,peripheral,0.49,28,0.09413189771197847,"Входящих: 1, исходящих: 0; выраженные признаки основной структурной роли не достигли порога. Граница depth=4: дальнейшие переводы не наблюдаются."
100000000583220100,peripheral,1.0,67,0.4287980196077542,"Входящих: 1, исходящих: 1; выраженные признаки основной структурной роли не достигли порога."
100000000594783100,peripheral,1.0,24,0.48384928291513546,"Входящих: 1, исходящих: 2; выраженные признаки основной структурной роли не достигли порога."
100000000596954100,peripheral,1.0,3,0.7574417829617583,"Входящих: 1, исходящих: 2; выраженные признаки основной структурной роли не достигли порога."
100000000600707100,peripheral,0.49,37,0.19290713324360698,"Входящих: 1, исходящих: 0; выраженные признаки основной структурной роли не достигли порога. Граница depth=4: дальнейшие переводы не наблюдаются."
100000000607731100,peripheral,1.0,29,0.21925423035701047,"Входящих: 1, исходящих: 1; выраженные признаки основной структурной роли не достигли порога."
100000000607941100,peripheral,1.0,4,0.6196105134024685,"Входящих: 2, исходящих: 1; выраженные признаки основной структурной роли не достигли порога."
100000000608031100,peripheral,0.49,16,0.13082099596231495,"Входящих: 1, исходящих: 0; выраженные признаки основной структурной роли не достигли порога. Граница depth=4: дальнейшие переводы не наблюдаются."
100000000611474100,terminal,0.6293614816733584,23,0.137559443696725,"Получил 32,000 KZT от 1 контрагентов; исходящих в выборке нет 5 дн."
100000000625169100,terminal,0.5432586452532056,1,0.09442126514131899,"Получил 10,000 KZT от 1 контрагентов; исходящих в выборке нет 2 дн."
100000000627521100,peripheral,0.49,39,0.26238856473179545,"Входящих: 1, исходящих: 0; выраженные признаки основной структурной роли не достигли порога. Граница depth=4: дальнейшие переводы не наблюдаются."
100000000629812100,terminal,0.5837909597202434,55,0.48179026510885764,"Получил 22,000 KZT от 2 контрагентов; исходящих в выборке нет 3 дн."
100000000634341100,peripheral,0.49,0,0.16156572454015253,"Входящих: 1, исходящих: 0; выраженные признаки основной структурной роли не достигли порога. Граница depth=4: дальнейшие переводы не наблюдаются."
100000000640800100,peripheral,1.0,6,0.43827815566932327,"Входящих: 1, исходящих: 4; выраженные признаки основной структурной роли не достигли порога."
100000000646541100,consolidator,0.7577305607091916,0,0.4684050878540591,"Получает от 3 контрагентов; входящий оборот 25,300 KZT; достижим от 3 seed."
100000000655469100,peripheral,0.49,22,0.2521855948685954,"Входящих: 1, исходящих: 0; выраженные признаки основной структурной роли не достигли порога. Граница depth=4: дальнейшие переводы не наблюдаются."
100000000656682100,transit,0.62125,0,0.3552478955027463,"Вход 71,000 KZT, выход 80,000 KZT; совпадение потока за 1–2 дня: 0%."
100000000661131100,terminal,0.6273345421577515,1,0.09700986989681473,"Получил 15,600 KZT от 1 контрагентов; исходящих в выборке нет 23 дн."
100000000661912100,consolidator,0.9047542911754443,6,0.6070994133841234,"Получает от 5 контрагентов; входящий оборот 393,036 KZT; достижим от 2 seed."
100000000667713100,distributor,0.7525936599423632,4,0.6532078469775252,"Направляет 79,236 KZT 6 получателям; 7 исходящих операций."
100000000673868100,distributor,0.840994236311239,30,0.5398227024413003,"Направляет 383,000 KZT 5 получателям; 19 исходящих операций."
100000000673915100,peripheral,0.49,36,0.2844567567461517,"Входящих: 1, исходящих: 0; выраженные признаки основной структурной роли не достигли порога. Граница depth=4: дальнейшие переводы не наблюдаются."
100000000703894100,peripheral,1.0,29,0.2526571015997202,"Входящих: 1, исходящих: 1; выраженные признаки основной структурной роли не достигли порога."
100000000703902100,terminal,0.6484814143245693,1,0.1199416778824585,"Получил 25,499 KZT от 1 контрагентов; исходящих в выборке нет 9 дн."
100000000704700100,peripheral,0.49,25,0.2065006729475101,"Входящих: 1, исходящих: 0; выраженные признаки основной структурной роли не достигли порога. Граница depth=4: дальнейшие переводы не наблюдаются."
100000000706545100,consolidator,0.9037910092171487,4,0.4990911036011847,"Получает от 3 контрагентов; входящий оборот 1,070,300 KZT; достижим от 2 seed."
100000000718427100,terminal,0.6060856754306436,1,0.08449528936742935,"Получил 6,000 KZT от 1 контрагентов; исходящих в выборке нет 7 дн."
100000000723383100,peripheral,1.0,22,0.41840518751241373,"Входящих: 1, исходящих: 2; выраженные признаки основной структурной роли не достигли порога."
100000000724540100,peripheral,1.0,20,0.580816399396657,"Входящих: 1, исходящих: 1; выраженные признаки основной структурной роли не достигли порога."
100000000733373100,terminal,0.617611060743427,4,0.3560224812863042,"Получил 10,710 KZT от 1 контрагентов; исходящих в выборке нет 7 дн."
100000000733451100,peripheral,1.0,13,0.3704504088886722,"Входящих: 1, исходящих: 1; выраженные признаки основной структурной роли не достигли порога."
100000000733940100,peripheral,0.49,31,0.21483624943921042,"Входящих: 1, исходящих: 0; выраженные признаки основной структурной роли не достигли порога. Граница depth=4: дальнейшие переводы не наблюдаются."
100000000737152100,peripheral,0.49,0,0.2968659088322889,"Входящих: 1, исходящих: 0; выраженные признаки основной структурной роли не достигли порога. Граница depth=4: дальнейшие переводы не наблюдаются."
100000000749118100,peripheral,1.0,0,0.2993309567735499,"Входящих: 1, исходящих: 1; выраженные признаки основной структурной роли не достигли порога."
100000000764836100,peripheral,1.0,6,0.3853682674354072,"Входящих: 1, исходящих: 2; выраженные признаки основной структурной роли не достигли порога."
100000000765628100,terminal,0.6019378966455122,4,0.0731628532974428,"Получил 5,000 KZT от 1 контрагентов; исходящих в выборке нет 21 дн."
100000000769919100,terminal,0.7241953762466001,61,0.28373261552265594,"Получил 250,000 KZT от 1 контрагентов; исходящих в выборке нет 18 дн."
100000000782285100,terminal,0.6067316409791478,0,0.177676087931808,"Получил 6,151 KZT от 1 контрагентов; исходящих в выборке нет 17 дн."
100000000783406100,terminal,0.6065616500453309,35,0.09455585464333782,"Получил 6,066 KZT от 1 контрагентов; исходящих в выборке нет 9 дн."
100000000785800100,transit,0.7,56,0.22337371018393898,"Вход 19,000 KZT, выход 19,000 KZT; совпадение потока за 1–2 дня: 0%."
100000000790311100,terminal,0.6267711436342442,15,0.3318860972575917,"Получил 46,300 KZT от 1 контрагентов; исходящих в выборке нет 4 дн."
100000000791285100,peripheral,0.49,27,0.4113864478782118,"Входящих: 1, исходящих: 3; выраженные признаки основной структурной роли не достигли порога."
100000000795033100,terminal,0.6335902085222122,0,0.28389936786096864,"Получил 18,200 KZT от 1 контрагентов; исходящих в выборке нет 24 дн."
100000000795129100,peripheral,0.49,15,0.4492660882849583,"Входящих: 1, исходящих: 0; выраженные признаки основной структурной роли не достигли порога."
100000000795374100,terminal,0.6743200362647325,6,0.1964804845222073,"Получил 50,000 KZT от 1 контрагентов; исходящих в выборке нет 19 дн."
100000000802149100,terminal,0.6997506799637353,0,0.16121579183490353,"Получил 104,128 KZT от 1 контрагентов; исходящих в выборке нет 20 дн."
100000000803368100,peripheral,0.49,14,0.16519515477792734,"Входящих: 1, исходящих: 0; выраженные признаки основной структурной роли не достигли порога. Граница depth=4: дальнейшие переводы не наблюдаются."
100000000806727100,peripheral,1.0,3,0.55465088477229,"Входящих: 1, исходящих: 1; выраженные признаки основной структурной роли не достигли порога."
100000000810551100,peripheral,1.0,3,0.6224163212056841,"Входящих: 1, исходящих: 1; выраженные признаки основной структурной роли не достигли порога."
100000000817146100,terminal,0.6862873980054397,4,0.507507295169558,"Получил 70,020 KZT от 1 контрагентов; исходящих в выборке нет 25 дн."
100000000821507100,terminal,0.734394832275612,30,0.39337555441326694,"Получил 400,000 KZT от 1 контрагентов; исходящих в выборке нет 9 дн."
100000000831684100,peripheral,1.0,12,0.34912516823687756,"Входящих: 1, исходящих: 1; выраженные признаки основной структурной роли не достигли порога."
100000000838385100,peripheral,0.49,28,0.481237492805822,"Входящих: 1, исходящих: 2; выраженные признаки основной структурной роли не достигли порога."
100000000850297100,transit,0.7,11,0.2193292956482728,"Вход 17,520 KZT, выход 17,520 KZT; совпадение потока за 1–2 дня: 0%."
100000000860514100,peripheral,1.0,26,0.26109041089118923,"Входящих: 1, исходящих: 1; выраженные признаки основной структурной роли не достигли порога."
100000000861294100,terminal,0.6521953114881491,8,0.23604755495738,"Получил 150,000 KZT от 1 контрагентов; исходящих в выборке нет 3 дн."
100000000870121100,terminal,0.6192429737080689,13,0.24874907625038095,"Получил 12,000 KZT от 1 контрагентов; исходящих в выборке нет 10 дн."
100000000878006100,terminal,0.6705802357207615,5,0.30214630362816147,"Получил 47,003 KZT от 1 контрагентов; исходящих в выборке нет 28 дн."
100000000896111100,terminal,0.7276291931097008,24,0.16463885150291613,"Получил 287,100 KZT от 1 контрагентов; исходящих в выборке нет 30 дн."
100000000907277100,terminal,0.6315163191296463,1,0.15503140421713774,"Получил 17,534 KZT от 1 контрагентов; исходящих в выборке нет 7 дн."
100000000910216100,peripheral,1.0,3,0.5166521474247638,"Входящих: 1, исходящих: 1; выраженные признаки основной структурной роли не достигли порога."
100000000912487100,terminal,0.614687216681777,3,0.33469901784978556,"Получил 10,000 KZT от 1 контрагентов; исходящих в выборке нет 8 дн."
100000000913911100,peripheral,1.0,3,0.45592496694711626,"Входящих: 2, исходящих: 1; выраженные признаки основной структурной роли не достигли порога."
100000000917179100,terminal,0.6236303587618184,14,0.18144908030506957,"Получил 94,465 KZT от 1 контрагентов; исходящих в выборке нет 2 дн."
100000000922570100,transit,0.659414,12,0.1923863085702131,"Вход 47,101 KZT, выход 50,000 KZT; совпадение потока за 1–2 дня: 0%."
100000000926078100,peripheral,0.49,6,0.3383183898439206,"Входящих: 1, исходящих: 0; выраженные признаки основной структурной роли не достигли порога. Граница depth=4: дальнейшие переводы не наблюдаются."
100000000926766100,peripheral,0.49,26,0.20255271422162402,"Входящих: 1, исходящих: 1; выраженные признаки основной структурной роли не достигли порога."
100000000933075100,peripheral,1.0,12,0.41692132909290075,"Входящих: 1, исходящих: 2; выраженные признаки основной структурной роли не достигли порога."
100000000941942100,terminal,0.7051223934723482,3,0.4842592018541698,"Получил 130,000 KZT от 1 контрагентов; исходящих в выборке нет 14 дн."
100000000942301100,terminal,0.6806436990027198,0,0.2580222929394792,"Получил 57,580 KZT от 1 контрагентов; исходящих в выборке нет 23 дн."
100000000943371100,terminal,0.6267565729827742,13,0.46143297926746163,"Получил 15,500 KZT от 1 контрагентов; исходящих в выборке нет 17 дн."
100000000945428100,terminal,0.6930190389845875,0,0.2172588604755496,"Получил 89,629 KZT от 1 контрагентов; исходящих в выборке нет 16 дн."
100000000954884100,peripheral,0.49,35,0.15266935845670704,"Входящих: 1, исходящих: 0; выраженные признаки основной структурной роли не достигли порога."
100000000955444100,terminal,0.6075475974614687,44,0.18640197397936295,"Получил 6,910 KZT от 1 контрагентов; исходящих в выборке нет 28 дн."
100000000955529100,peripheral,1.0,3,0.2866512480899719,"Входящих: 1, исходящих: 1; выраженные признаки основной структурной роли не достигли порога."
100000000957746100,peripheral,0.49,16,0.2655873085631099,"Входящих: 1, исходящих: 0; выраженные признаки основной структурной роли не достигли порога. Граница depth=4: дальнейшие переводы не наблюдаются."
100000000961900100,terminal,0.6615707162284677,0,0.232328398384926,"Получил 36,000 KZT от 2 контрагентов; исходящих в выборке нет 17 дн."
100000000967918100,peripheral,0.49,0,0.32933678374252995,"Входящих: 1, исходящих: 0; выраженные признаки основной структурной роли не достигли порога."
100000000968253100,terminal,0.6252266545784224,1,0.09910273665320772,"Получил 15,000 KZT от 1 контрагентов; исходящих в выборке нет 11 дн."
100000000971908100,terminal,0.6499919051936278,8,0.2172229699416779,"Получил 89,000 KZT от 1 контрагентов; исходящих в выборке нет 4 дн."
100000000976943100,transit,0.5833333333333334,11,0.3743429717991179,"Вход 70,000 KZT, выход 84,000 KZT; совпадение потока за 1–2 дня: 0%."
100000000978041100,terminal,0.6675883952855848,1,0.14113503813369224,"Получил 44,445 KZT от 1 контрагентов; исходящих в выборке нет 9 дн."
100000000979567100,terminal,0.614687216681777,1,0.10524899057873485,"Получил 10,000 KZT от 1 контрагентов; исходящих в выборке нет 29 дн."
100000000979923100,terminal,0.6963848594741614,11,0.44927506091842623,"Получил 97,900 KZT от 1 контрагентов; исходящих в выборке нет 18 дн."
100000000981693100,peripheral,0.49,0,0.1797674701489902,"Входящих: 1, исходящих: 0; выраженные признаки основной структурной роли не достигли порога. Граница depth=4: дальнейшие переводы не наблюдаются."
100000000993112100,terminal,0.707672257479601,32,0.2562494392104082,"Получил 141,000 KZT от 1 контрагентов; исходящих в выборке нет 11 дн."
100000000998559100,terminal,0.6692753529335578,3,0.4754592915805045,"Получил 100,000 KZT от 1 контрагентов; исходящих в выборке нет 5 дн."
100000001009583100,peripheral,0.49,5,0.37120417711402964,"Входящих: 1, исходящих: 0; выраженные признаки основной структурной роли не достигли порога."
100000001046057100,terminal,0.6911151405258386,2,0.17657694033198745,"Получил 83,420 KZT от 1 контрагентов; исходящих в выборке нет 26 дн."
100000001046626100,terminal,0.7093381686310063,5,0.3387546481772867,"Получил 150,000 KZT от 1 контрагентов; исходящих в выборке нет 11 дн."
100000001049200100,coordinator,0.7280071107709372,17,0.6237268876283293,Betweenness 0.0012; достижим от 3 seed; межкластерный поток 37%.
100000001052789100,terminal,0.6865593834995467,17,0.15700314042171376,"Получил 70,975 KZT от 1 контрагентов; исходящих в выборке нет 8 дн."
100000001052945100,peripheral,1.0,57,0.3675683776737805,"Входящих: 1, исходящих: 3; выраженные признаки основной структурной роли не достигли порога."
100000001053894100,peripheral,0.49,39,0.48247829106647466,"Входящих: 1, исходящих: 0; выраженные признаки основной структурной роли не достигли порога. Граница depth=4: дальнейшие переводы не наблюдаются."
100000001056414100,terminal,0.7241953762466001,9,0.29818380034190184,"Получил 250,000 KZT от 1 контрагентов; исходящих в выборке нет 16 дн."
100000001063678100,peripheral,1.0,23,0.4622357919344892,"Входящих: 1, исходящих: 2; выраженные признаки основной структурной роли не достигли порога."
100000001065234100,peripheral,0.49,58,0.18288021534320326,"Входящих: 1, исходящих: 0; выраженные признаки основной структурной роли не достигли порога. Граница depth=4: дальнейшие переводы не наблюдаются."
100000001065481100,peripheral,0.49,13,0.14141318977119785,"Входящих: 1, исходящих: 0; выраженные признаки основной структурной роли не достигли порога. Граница depth=4: дальнейшие переводы не наблюдаются."
100000001066017100,peripheral,1.0,0,0.4762229936192219,"Входящих: 2, исходящих: 4; выраженные признаки основной структурной роли не достигли порога."
100000001072022100,consolidator,0.9537923291346209,3,0.6544463774765581,"Получает от 3 контрагентов; входящий оборот 1,684,000 KZT; достижим от 5 seed."
100000001073568100,peripheral,1.0,14,0.3908196553100689,"Входящих: 1, исходящих: 2; выраженные признаки основной структурной роли не достигли порога."
100000001074553100,terminal,0.6527651858567542,2,0.24804243328217024,"Получил 28,971 KZT от 2 контрагентов; исходящих в выборке нет 14 дн."
100000001083990100,terminal,0.6730281051677244,12,0.3386593499157017,"Получил 49,900 KZT от 1 контрагентов; исходящих в выборке нет 17 дн."
100000001089055100,peripheral,0.49,16,0.08835800807537013,"Входящих: 1, исходящих: 0; выраженные признаки основной структурной роли не достигли порога. Граница depth=4: дальнейшие переводы не наблюдаются."
100000001102676100,transit,0.7,3,0.4034998834503576,"Вход 50,000 KZT, выход 50,000 KZT; совпадение потока за 1–2 дня: 0%."
100000001103905100,terminal,0.6328762466001813,1,0.10637954239569314,"Получил 18,000 KZT от 1 контрагентов; исходящих в выборке нет 13 дн."
100000001110358100,terminal,0.657932910244787,0,0.2987824432310898,"Получил 32,000 KZT от 2 контрагентов; исходящих в выборке нет 15 дн."
100000001111763100,terminal,0.6300883952855848,1,0.10395020188425304,"Получил 17,144 KZT от 1 контрагентов; исходящих в выборке нет 24 дн."
100000001114385100,terminal,0.653377153218495,3,0.18768133286769811,"Получил 29,500 KZT от 1 контрагентов; исходящих в выборке нет 21 дн."
100000001126374100,consolidator,0.8650670744936673,0,0.5153323517650502,"Получает от 4 контрагентов; входящий оборот 182,500 KZT; достижим от 2 seed."
100000001130176100,terminal,0.6468834995466908,0,0.4451027863558421,"Получил 25,000 KZT от 1 контрагентов; исходящих в выборке нет 7 дн."
100000001130553100,peripheral,0.49,5,0.4352014853239893,"Входящих: 1, исходящих: 0; выраженные признаки основной структурной роли не достигли порога. Граница depth=4: дальнейшие переводы не наблюдаются."
100000001131403100,peripheral,0.49,57,0.24214445939883356,"Входящих: 1, исходящих: 0; выраженные признаки основной структурной роли не достигли порога. Граница depth=4: дальнейшие переводы не наблюдаются."
100000001138283100,peripheral,1.0,6,0.30429331523827285,"Входящих: 1, исходящих: 2; выраженные признаки основной структурной роли не достигли порога."
100000001138376100,peripheral,0.49,15,0.2879605701153755,"Входящих: 1, исходящих: 0; выраженные признаки основной структурной роли не достигли порога."
100000001140785100,terminal,0.720081595648232,2,0.4103069137672373,"Получил 215,000 KZT от 2 контрагентов; исходящих в выборке нет 17 дн."
100000001141268100,peripheral,1.0,21,0.6703740137866356,"Входящих: 2, исходящих: 1; выраженные признаки основной структурной роли не достигли порога."
100000001145749100,terminal,0.614687216681777,3,0.16839465722839797,"Получил 10,000 KZT от 1 контрагентов; исходящих в выборке нет 11 дн."
100000001149815100,terminal,0.5763858308509261,1,0.09070435172723196,"Получил 12,000 KZT от 1 контрагентов; исходящих в выборке нет 4 дн."
100000001155773100,terminal,0.6404578422484134,1,0.10908927770300583,"Получил 21,500 KZT от 1 контрагентов; исходящих в выборке нет 15 дн."
100000001160401100,terminal,0.6709542157751586,0,0.23971736204576044,"Получил 47,190 KZT от 1 контрагентов; исходящих в выборке нет 25 дн."
100000001162560100,distributor,0.9212536023054756,2,0.3768309646657019,"Направляет 2,904,398 KZT 12 получателям; 14 исходящих операций."
100000001164648100,peripheral,0.49,18,0.3468838672363162,"Входящих: 2, исходящих: 0; выраженные признаки основной структурной роли не достигли порога."
100000001166289100,peripheral,1.0,1,0.47019291161956034,"Входящих: 2, исходящих: 1; выраженные признаки основной структурной роли не достигли порога."
100000001169666100,peripheral,1.0,7,0.3159555966988498,"Входящих: 1, исходящих: 1; выраженные признаки основной структурной роли не достигли порога."
100000001184915100,peripheral,0.49,15,0.4696070483567393,"Входящих: 1, исходящих: 0; выраженные признаки основной структурной роли не достигли порога."
100000001194266100,terminal,0.6743200362647325,3,0.44869616910405774,"Получил 50,000 KZT от 1 контрагентов; исходящих в выборке нет 7 дн."
100000001202637100,peripheral,0.49,7,0.10936742934051144,"Входящих: 1, исходящих: 0; выраженные признаки основной структурной роли не достигли порога. Граница depth=4: дальнейшие переводы не наблюдаются."
100000001202787100,peripheral,0.49,0,0.4354062245058482,"Входящих: 2, исходящих: 0; выраженные признаки основной структурной роли не достигли порога. Граница depth=4: дальнейшие переводы не наблюдаются."
100000001220124100,peripheral,0.49,6,0.2040429299964554,"Входящих: 1, исходящих: 0; выраженные признаки основной структурной роли не достигли порога. Граница depth=4: дальнейшие переводы не наблюдаются."
100000001222245100,peripheral,0.49,5,0.42325442386144996,"Входящих: 1, исходящих: 0; выраженные признаки основной структурной роли не достигли порога. Граница depth=4: дальнейшие переводы не наблюдаются."
100000001222263100,peripheral,0.49,5,0.49539305629130354,"Входящих: 1, исходящих: 1; выраженные признаки основной структурной роли не достигли порога."
100000001223977100,peripheral,1.0,51,0.36402274157115255,"Входящих: 1, исходящих: 1; выраженные признаки основной структурной роли не достигли порога."
100000001227106100,terminal,0.7119220308250226,5,0.34233024261425393,"Получил 164,765 KZT от 1 контрагентов; исходящих в выборке нет 8 дн."
100000001229743100,peripheral,1.0,0,0.2271498482216885,"Входящих: 1, исходящих: 1; выраженные признаки основной структурной роли не достигли порога."
100000001232297100,peripheral,1.0,13,0.5172965952387492,"Входящих: 1, исходящих: 2; выраженные признаки основной структурной роли не достигли порога."
100000001236706100,consolidator,0.8737719302225628,13,0.6845960832301973,"Получает от 3 контрагентов; входящий оборот 142,700 KZT; достижим от 5 seed."
100000001241318100,terminal,0.6776858567543064,0,0.14267384477344103,"Получил 53,000 KZT от 1 контрагентов; исходящих в выборке нет 23 дн."
100000001246806100,peripheral,0.49,2,0.1614580529385375,"Входящих: 1, исходящих: 0; выраженные признаки основной структурной роли не достигли порога. Граница depth=4: дальнейшие переводы не наблюдаются."
100000001248999100,terminal,0.642701722574796,16,0.11151637505607898,"Получил 23,425 KZT от 1 контрагентов; исходящих в выборке нет 9 дн."
100000001249054100,peripheral,0.49,7,0.17998281335222033,"Входящих: 1, исходящих: 0; выраженные признаки основной структурной роли не достигли порога. Граница depth=4: дальнейшие переводы не наблюдаются."
100000001250022100,peripheral,0.49,8,0.14532974427994616,"Входящих: 1, исходящих: 0; выраженные признаки основной структурной роли не достигли порога."
100000001251686100,terminal,0.6328762466001813,3,0.35487398420241,"Получил 18,000 KZT от 1 контрагентов; исходящих в выборке нет 19 дн."
100000001252290100,peripheral,1.0,5,0.4146079508628603,"Входящих: 1, исходящих: 1; выраженные признаки основной структурной роли не достигли порога."
100000001253557100,consolidator,0.9246898812651739,2,0.6148593343079943,"Получает от 5 контрагентов; входящий оборот 210,200 KZT; достижим от 5 seed."
100000001256409100,peripheral,0.49,20,0.10637954239569312,"Входящих: 1, исходящих: 0; выраженные признаки основной структурной роли не достигли порога. Граница depth=4: дальнейшие переводы не наблюдаются."
100000001262647100,peripheral,0.49,15,0.08751009421265141,"Входящих: 1, исходящих: 0; выраженные признаки основной структурной роли не достигли порога."
100000001270349100,terminal,0.7182116953762466,8,0.20399730820995965,"Получил 200,000 KZT от 1 контрагентов; исходящих в выборке нет 26 дн."
100000001270470100,peripheral,0.49,0,0.22129281783853705,"Входящих: 1, исходящих: 0; выраженные признаки основной структурной роли не достигли порога. Граница depth=4: дальнейшие переводы не наблюдаются."
100000001273783100,terminal,0.642429737080689,11,0.1786271870794078,"Получил 23,200 KZT от 1 контрагентов; исходящих в выборке нет 11 дн."
100000001275557100,peripheral,0.49,23,0.20183490354419023,"Входящих: 1, исходящих: 0; выраженные признаки основной структурной роли не достигли порога. Граница depth=4: дальнейшие переводы не наблюдаются."
100000001275752100,peripheral,0.49,2,0.16502916105877075,"Входящих: 1, исходящих: 0; выраженные признаки основной структурной роли не достигли порога."
100000001276409100,peripheral,0.49,7,0.29800434767254336,"Входящих: 1, исходящих: 0; выраженные признаки основной структурной роли не достигли порога. Граница depth=4: дальнейшие переводы не наблюдаются."
100000001279272100,peripheral,1.0,0,0.54042291438046,"Входящих: 1, исходящих: 2; выраженные признаки основной структурной роли не достигли порога."
100000001279875100,peripheral,0.49,9,0.15533423059668014,"Входящих: 1, исходящих: 0; выраженные признаки основной структурной роли не достигли порога."
100000001280798100,terminal,0.6441296464188576,7,0.1257649170031404,"Получил 23,785 KZT от 1 контрагентов; исходящих в выборке нет 25 дн."
100000001282143100,consolidator,0.9747125467230162,9,0.6472258697749432,"Получает от 5 контрагентов; входящий оборот 1,700,000 KZT; достижим от 5 seed."
100000001285440100,peripheral,0.49,21,0.269584600302411,"Входящих: 2, исходящих: 0; выраженные признаки основной структурной роли не достигли порога."
100000001286703100,peripheral,0.49,39,0.28352360286548767,"Входящих: 1, исходящих: 0; выраженные признаки основной структурной роли не достигли порога. Граница depth=4: дальнейшие переводы не наблюдаются."
100000001287955100,coordinator,0.5350144720927976,9,0.4545520962986739,Betweenness 0.0007; достижим от 1 seed; межкластерный поток 38%.
100000001290243100,terminal,0.614687216681777,4,0.13174966352624495,"Получил 10,000 KZT от 1 контрагентов; исходящих в выборке нет 19 дн."
100000001297206100,peripheral,0.49,0,0.06115746971736205,"Входящих: 1, исходящих: 0; выраженные признаки основной структурной роли не достигли порога. Граница depth=4: дальнейшие переводы не наблюдаются."
100000001298099100,terminal,0.6342361740707162,7,0.1165455361148497,"Получил 19,000 KZT от 1 контрагентов; исходящих в выборке нет 25 дн."
100000001299323100,peripheral,0.49,2,0.23587783354064562,"Входящих: 1, исходящих: 0; выраженные признаки основной структурной роли не достигли порога. Граница depth=4: дальнейшие переводы не наблюдаются."
100000001299443100,peripheral,0.49,18,0.09504710632570659,"Входящих: 1, исходящих: 0; выраженные признаки основной структурной роли не достигли порога. Граница depth=4: дальнейшие переводы не наблюдаются."
100000001299828100,peripheral,0.49,0,0.15958277254374156,"Входящих: 1, исходящих: 0; выраженные признаки основной структурной роли не достигли порога. Граница depth=4: дальнейшие переводы не наблюдаются."
100000001303311100,consolidator,0.9478597538188924,21,0.5112600392119723,"Получает от 5 контрагентов; входящий оборот 1,324,000 KZT; достижим от 3 seed."
100000001307612100,terminal,0.6631686310063463,1,0.13602063705697623,"Получил 38,483 KZT от 1 контрагентов; исходящих в выборке нет 30 дн."
100000001308856100,terminal,0.6512692656391659,1,0.13038133692238674,"Получил 27,000 KZT от 1 контрагентов; исходящих в выборке нет 9 дн."
100000001311175100,peripheral,0.49,9,0.17634365186182144,"Входящих: 1, исходящих: 0; выраженные признаки основной структурной роли не достигли порога. Граница depth=4: дальнейшие переводы не наблюдаются."
100000001317336100,peripheral,1.0,31,0.4191445028389622,"Входящих: 1, исходящих: 2; выраженные признаки основной структурной роли не достигли порога."
100000001325618100,peripheral,0.49,18,0.09819201435621355,"Входящих: 1, исходящих: 0; выраженные признаки основной структурной роли не достигли порога. Граница depth=4: дальнейшие переводы не наблюдаются."
100000001329153100,terminal,0.709950135992747,0,0.2329168644962311,"Получил 150,687 KZT от 1 контрагентов; исходящих в выборке нет 28 дн."
100000001330595100,consolidator,0.7548251954921519,25,0.32731836596211267,"Получает от 3 контрагентов; входящий оборот 87,000 KZT; достижим от 1 seed."
100000001330685100,consolidator,0.9340564899929632,5,0.5859285612513804,"Получает от 3 контрагентов; входящий оборот 2,435,923 KZT; достижим от 3 seed."
100000001339466100,terminal,0.6548730734360834,3,0.3264621403262324,"Получил 30,000 KZT от 1 контрагентов; исходящих в выборке нет 21 дн."
100000001346560100,peripheral,1.0,3,0.6789163376011178,"Входящих: 2, исходящих: 1; выраженные признаки основной структурной роли не достигли порога."
100000001362940100,terminal,0.6901971894832275,3,0.4667087307909128,"Получил 81,000 KZT от 1 контрагентов; исходящих в выборке нет 12 дн."
100000001363952100,peripheral,1.0,6,0.35333754179893306,"Входящих: 2, исходящих: 1; выраженные признаки основной структурной роли не достигли порога."
100000001373265100,peripheral,1.0,6,0.3135428495675835,"Входящих: 1, исходящих: 1; выраженные признаки основной структурной роли не достигли порога."
100000001378288100,peripheral,0.49,6,0.3191431135038134,"Входящих: 1, исходящих: 0; выраженные признаки основной структурной роли не достигли порога. Граница depth=4: дальнейшие переводы не наблюдаются."
100000001379511100,terminal,0.6792837715321849,2,0.16215791834903548,"Получил 55,000 KZT от 1 контрагентов; исходящих в выборке нет 27 дн."
100000001380054100,peripheral,1.0,29,0.3465528123363974,"Входящих: 2, исходящих: 3; выраженные признаки основной структурной роли не достигли порога."
100000001380107100,terminal,0.6060856754306436,55,0.21302453609784616,"Получил 6,000 KZT от 1 контрагентов; исходящих в выборке нет 9 дн."
100000001380986100,terminal,0.6864233907524931,2,0.14705697622252134,"Получил 70,170 KZT от 1 контрагентов; исходящих в выборке нет 24 дн."
100000001382002100,transit,0.6814159292035398,0,0.3234768954688201,"Вход 55,000 KZT, выход 56,500 KZT; совпадение потока за 1–2 дня: 0%."
100000001384826100,peripheral,1.0,5,0.4969228902975844,"Входящих: 1, исходящих: 1; выраженные признаки основной структурной роли не достигли порога."
100000001386612100,terminal,0.6826155938349955,19,0.371742535122105,"Получил 62,264 KZT от 1 контрагентов; исходящих в выборке нет 27 дн."
100000001389255100,terminal,0.628558476881233,1,0.1025706594885599,"Получил 16,136 KZT от 1 контрагентов; исходящих в выборке нет 13 дн."
100000001411870100,terminal,0.7455122393472348,8,0.40538882501664386,"Получил 900,000 KZT от 2 контрагентов; исходящих в выборке нет 8 дн."
100000001415126100,terminal,0.6512692656391659,19,0.18487289859223827,"Получил 27,000 KZT от 1 контрагентов; исходящих в выборке нет 29 дн."
100000001418900100,terminal,0.608201657816345,1,0.17984746523104528,"Получил 40,140 KZT от 1 контрагентов; исходящих в выборке нет 3 дн."
100000001420847100,peripheral,0.49,17,0.11735755944369673,"Входящих: 1, исходящих: 0; выраженные признаки основной структурной роли не достигли порога."
100000001427082100,distributor,0.7442363112391931,22,0.49220960362610044,"Направляет 124,900 KZT 5 получателям; 6 исходящих операций."
100000001429930100,terminal,0.6489913871260199,13,0.2756265998035438,"Получил 26,000 KZT от 1 контрагентов; исходящих в выборке нет 8 дн."
100000001439416100,peripheral,1.0,0,0.36232660086236146,"Входящих: 1, исходящих: 2; выраженные признаки основной структурной роли не достигли порога."
100000001445848100,peripheral,1.0,35,0.4244097592721623,"Входящих: 1, исходящих: 1; выраженные признаки основной структурной роли не достигли порога."
100000001463701100,terminal,0.742520398912058,11,0.559189820900481,"Получил 621,000 KZT от 2 контрагентов; исходящих в выборке нет 11 дн."
100000001471706100,peripheral,0.49,19,0.344425751458053,"Входящих: 1, исходящих: 0; выраженные признаки основной структурной роли не достигли порога. Граница depth=4: дальнейшие переводы не наблюдаются."
100000001477796100,terminal,0.6576690195570521,3,0.19670255720053836,"Получил 182,000 KZT от 1 контрагентов; исходящих в выборке нет 3 дн."
100000001484381100,terminal,0.6958748866727108,7,0.32092045354961823,"Получил 95,585 KZT от 2 контрагентов; исходящих в выборке нет 11 дн."
100000001490461100,peripheral,1.0,7,0.272466000898984,"Входящих: 1, исходящих: 1; выраженные признаки основной структурной роли не достигли порога."
100000001498732100,peripheral,0.49,2,0.0910812023328847,"Входящих: 1, исходящих: 0; выраженные признаки основной структурной роли не достигли порога. Граница depth=4: дальнейшие переводы не наблюдаются."
100000001524952100,terminal,0.6996826835902085,0,0.22364737550471064,"Получил 103,807 KZT от 1 контрагентов; исходящих в выборке нет 26 дн."
100000001526235100,distributor,0.8447406340057637,26,0.5017200064807905,"Направляет 432,750 KZT 8 получателям; 9 исходящих операций."
100000001527186100,terminal,0.7427243880326383,3,0.5670810950798316,"Получил 678,000 KZT от 1 контрагентов; исходящих в выборке нет 7 дн."
100000001530709100,terminal,0.6785358114233907,0,0.24686482322211714,"Получил 53,961 KZT от 1 контрагентов; исходящих в выборке нет 15 дн."
100000001530740100,terminal,0.6252266545784224,4,0.11083894122925078,"Получил 15,000 KZT от 1 контрагентов; исходящих в выборке нет 29 дн."
100000001530983100,consolidator,0.9509138159886552,4,0.7723866132265225,"Получает от 4 контрагентов; входящий оборот 564,158 KZT; достижим от 5 seed."
100000001533161100,peripheral,0.49,45,0.18390309555854645,"Входящих: 1, исходящих: 0; выраженные признаки основной структурной роли не достигли порога. Граница depth=4: дальнейшие переводы не наблюдаются."
100000001534244100,peripheral,1.0,2,0.4155713521985554,"Входящих: 2, исходящих: 1; выраженные признаки основной структурной роли не достигли порога."
100000001537524100,peripheral,0.49,9,0.1726424405563033,"Входящих: 1, исходящих: 0; выраженные признаки основной структурной роли не достигли порога. Граница depth=4: дальнейшие переводы не наблюдаются."
100000001538095100,terminal,0.669602383110996,9,0.4917803483631483,"Получил 280,000 KZT от 2 контрагентов; исходящих в выборке нет 3 дн."
100000001541418100,terminal,0.6960108794197643,2,0.3507009434887405,"Получил 96,900 KZT от 2 контрагентов; исходящих в выборке нет 13 дн."
100000001549194100,terminal,0.6698322756119673,14,0.19769403319874385,"Получил 46,500 KZT от 1 контрагентов; исходящих в выборке нет 23 дн."
100000001550388100,terminal,0.6743200362647325,0,0.14526917900403769,"Получил 50,000 KZT от 1 контрагентов; исходящих в выборке нет 13 дн."
100000001550419100,terminal,0.6420557570262919,14,0.11949304620906236,"Получил 23,000 KZT от 1 контрагентов; исходящих в выборке нет 10 дн."
100000001554432100,terminal,0.678467815049864,3,0.4524646751605853,"Получил 53,920 KZT от 1 контрагентов; исходящих в выборке нет 7 дн."
100000001557930100,peripheral,0.49,8,0.13039030955585465,"Входящих: 1, исходящих: 0; выраженные признаки основной структурной роли не достигли порога."
100000001567366100,terminal,0.7449682683590209,4,0.39629506099690404,"Получил 824,070 KZT от 1 контрагентов; исходящих в выборке нет 10 дн."
100000001578517100,terminal,0.6548730734360834,4,0.37533816102868756,"Получил 30,000 KZT от 1 контрагентов; исходящих в выборке нет 28 дн."
100000001584286100,terminal,0.7438123300090661,9,0.6032923880275323,"Получил 738,699 KZT от 2 контрагентов; исходящих в выборке нет 14 дн."
100000001590795100,peripheral,0.49,18,0.08552714221624047,"Входящих: 1, исходящих: 0; выраженные признаки основной структурной роли не достигли порога. Граница depth=4: дальнейшие переводы не наблюдаются."
100000001597424100,terminal,0.671532184950136,14,0.14959174517720952,"Получил 48,100 KZT от 1 контрагентов; исходящих в выборке нет 30 дн."
100000001597505100,peripheral,0.49,32,0.24306078433965173,"Входящих: 1, исходящих: 1; выраженные признаки основной структурной роли не достигли порога."
100000001598625100,peripheral,0.49,6,0.11713548676536564,"Входящих: 1, исходящих: 0; выраженные признаки основной структурной роли не достигли порога. Граница depth=4: дальнейшие переводы не наблюдаются."
100000001600934100,peripheral,1.0,6,0.33139973082099594,"Входящих: 1, исходящих: 1; выраженные признаки основной структурной роли не достигли порога."
100000001601320100,transit,0.6590909090909091,10,0.3230196656458237,"Вход 43,500 KZT, выход 46,200 KZT; совпадение потока за 1–2 дня: 0%."
100000001609499100,consolidator,0.8518531125716364,0,0.5581071447463939,"Получает от 3 контрагентов; входящий оборот 263,113 KZT; достижим от 2 seed."
100000001611488100,terminal,0.6871454474808962,5,0.5292257114343526,"Получил 779,300 KZT от 2 контрагентов; исходящих в выборке нет 3 дн."
100000001616816100,consolidator,0.9263543590686993,8,0.7972168200592159,"Получает от 5 контрагентов; входящий оборот 176,195 KZT; достижим от 7 seed."
100000001632325100,terminal,0.6919310970081596,1,0.20791834903544187,"Получил 85,600 KZT от 1 контрагентов; исходящих в выборке нет 24 дн."
100000001633685100,consolidator,0.7842378136557012,0,0.40281027850478784,"Получает от 3 контрагентов; входящий оборот 45,000 KZT; достижим от 3 seed."
100000001637376100,peripheral,1.0,5,0.43999153094361404,"Входящих: 1, исходящих: 1; выраженные признаки основной структурной роли не достигли порога."
100000001639766100,terminal,0.5940308897811164,8,0.1269089277703006,"Получил 20,000 KZT от 1 контрагентов; исходящих в выборке нет 4 дн."
100000001641789100,terminal,0.6321622846781505,8,0.4943849756784082,"Получил 17,826 KZT от 1 контрагентов; исходящих в выборке нет 18 дн."
100000001641951100,terminal,0.5897406424038336,3,0.5482175065757893,"Получил 25,000 KZT от 1 контрагентов; исходящих в выборке нет 3 дн."
100000001648936100,terminal,0.6230863877736045,8,0.21900852400179452,"Получил 92,740 KZT от 1 контрагентов; исходящих в выборке нет 2 дн."
100000001650895100,peripheral,1.0,7,0.2898048564565887,"Входящих: 1, исходящих: 1; выраженные признаки основной структурной роли не достигли порога."
100000001660397100,transit,0.7677551020408163,0,0.454453312211258,"Вход 48,600 KZT, выход 49,000 KZT; совпадение потока за 1–2 дня: 24%."
100000001669260100,peripheral,0.49,20,0.19008972633467924,"Входящих: 1, исходящих: 0; выраженные признаки основной структурной роли не достигли порога. Граница depth=4: дальнейшие переводы не наблюдаются."
100000001674850100,terminal,0.7226654578422483,2,0.34606177252673803,"Получил 237,000 KZT от 2 контрагентов; исходящих в выборке нет 14 дн."
100000001677389100,peripheral,1.0,16,0.2282400231880411,"Входящих: 1, исходящих: 1; выраженные признаки основной структурной роли не достигли порога."
100000001677929100,consolidator,0.7618401546943276,10,0.3745189043201208,"Получает от 3 контрагентов; входящий оборот 126,777 KZT; достижим от 1 seed."
100000001680944100,peripheral,0.49,21,0.39521943059092507,"Входящих: 1, исходящих: 0; выраженные признаки основной структурной роли не достигли порога."
100000001684867100,terminal,0.6565049864007253,4,0.18462166485513642,"Получил 30,550 KZT от 1 контрагентов; исходящих в выборке нет 17 дн."
100000001686328100,peripheral,0.49,2,0.3020285737829067,"Входящих: 1, исходящих: 0; выраженные признаки основной структурной роли не достигли порога."
100000001688676100,terminal,0.6771629322626602,17,0.18001794526693582,"Получил 133,700 KZT от 1 контрагентов; исходящих в выборке нет 5 дн."
100000001689968100,consolidator,0.8886689106638607,5,0.5149109847660909,"Получает от 3 контрагентов; входящий оборот 344,334 KZT; достижим от 3 seed."
100000001690439100,terminal,0.6234247506799637,5,0.10657245401525348,"Получил 14,200 KZT от 1 контрагентов; исходящих в выборке нет 30 дн."
100000001690558100,terminal,0.7438803263825929,17,0.2805159264244056,"Получил 740,000 KZT от 1 контрагентов; исходящих в выборке нет 12 дн."
100000001696818100,terminal,0.6353046885118508,3,0.15279497532525796,"Получил 53,550 KZT от 1 контрагентов; исходящих в выборке нет 4 дн."
100000001697501100,distributor,0.9695965417867436,1,0.5038600220781638,"Направляет 1,482,606 KZT 38 получателям; 55 исходящих операций."
100000001703168100,peripheral,1.0,3,0.404898475840396,"Входящих: 1, исходящих: 1; выраженные признаки основной структурной роли не достигли порога."
100000001714173100,terminal,0.7425883952855847,21,0.43363127446710276,"Получил 638,905 KZT от 1 контрагентов; исходящих в выборке нет 18 дн."
100000001714413100,terminal,0.7245013599274704,5,0.4071799510036662,"Получил 250,172 KZT от 1 контрагентов; исходящих в выборке нет 7 дн."
100000001714883100,peripheral,0.49,18,0.09186182144459398,"Входящих: 1, исходящих: 0; выраженные признаки основной структурной роли не достигли порога. Граница depth=4: дальнейшие переводы не наблюдаются."
100000001716579100,terminal,0.622438803263826,1,0.09637056976222522,"Получил 13,916 KZT от 1 контрагентов; исходящих в выборке нет 28 дн."
100000001724740100,peripheral,0.49,2,0.32146702557200535,"Входящих: 1, исходящих: 0; выраженные признаки основной структурной роли не достигли порога. Граница depth=4: дальнейшие переводы не наблюдаются."
100000001726614100,terminal,0.70675430643699,0,0.17008524001794528,"Получил 138,717 KZT от 1 контрагентов; исходящих в выборке нет 18 дн."
100000001732159100,peripheral,1.0,40,0.6306705376026861,"Входящих: 2, исходящих: 4; выраженные признаки основной структурной роли не достигли порога."
100000001733216100,peripheral,0.49,0,0.23815912559986496,"Входящих: 1, исходящих: 0; выраженные признаки основной структурной роли не достигли порога. Граница depth=4: дальнейшие переводы не наблюдаются."
100000001733687100,peripheral,0.49,2,0.26045836292602026,"Входящих: 1, исходящих: 0; выраженные признаки основной структурной роли не достигли порога."
100000001737722100,terminal,0.6820716228467815,3,0.23801332030601124,"Получил 60,460 KZT от 1 контрагентов; исходящих в выборке нет 7 дн."
100000001740277100,peripheral,1.0,10,0.3314939434724092,"Входящих: 1, исходящих: 1; выраженные признаки основной структурной роли не достигли порога."
100000001745217100,terminal,0.6743200362647325,0,0.1334185733512786,"Получил 50,000 KZT от 1 контрагентов; исходящих в выборке нет 18 дн."
100000001746925100,peripheral,1.0,3,0.6145410143446813,"Входящих: 1, исходящих: 1; выраженные признаки основной структурной роли не достигли порога."
100000001782980100,peripheral,1.0,29,0.23527262425561968,"Входящих: 1, исходящих: 1; выраженные признаки основной структурной роли не достигли порога."
100000001784279100,terminal,0.6612647325475974,0,0.17038133692238672,"Получил 35,674 KZT от 1 контрагентов; исходящих в выборке нет 17 дн."
100000001785161100,peripheral,0.49,30,0.24258860475549573,"Входящих: 2, исходящих: 0; выраженные признаки основной структурной роли не достигли порога."
100000001788284100,distributor,0.7902737752161383,26,0.40060130125654314,"Направляет 296,700 KZT 5 получателям; 8 исходящих операций."
100000001805543100,terminal,0.6809836808703535,4,0.2593412700592639,"Получил 59,000 KZT от 1 контрагентов; исходящих в выборке нет 25 дн."
100000001808684100,peripheral,1.0,8,0.32245401525347694,"Входящих: 1, исходящих: 1; выраженные признаки основной структурной роли не достигли порога."
100000001816678100,peripheral,0.49,3,0.39707676571878514,"Входящих: 1, исходящих: 0; выраженные признаки основной структурной роли не достигли порога. Граница depth=4: дальнейшие переводы не наблюдаются."
100000001818442100,terminal,0.6665004533091569,7,0.1493764019739794,"Получил 42,215 KZT от 1 контрагентов; исходящих в выборке нет 25 дн."
100000001819396100,terminal,0.7123980054397099,27,0.19429340511440107,"Получил 166,080 KZT от 1 контрагентов; исходящих в выборке нет 15 дн."
100000001822623100,terminal,0.7189256572982774,23,0.19723642889187976,"Получил 201,300 KZT от 1 контрагентов; исходящих в выборке нет 14 дн."
100000001822650100,peripheral,0.49,2,0.2422394306694029,"Входящих: 1, исходящих: 0; выраженные признаки основной структурной роли не достигли порога. Граница depth=4: дальнейшие переводы не наблюдаются."
100000001825934100,peripheral,1.0,37,0.2038272026579367,"Входящих: 1, исходящих: 1; выраженные признаки основной структурной роли не достигли порога."
100000001831496100,peripheral,1.0,11,0.23986732149480305,"Входящих: 1, исходящих: 1; выраженные признаки основной структурной роли не достигли порога."
100000001835625100,terminal,0.6881912964641885,5,0.3152777527084666,"Получил 75,130 KZT от 1 контрагентов; исходящих в выборке нет 15 дн."
100000001837130100,terminal,0.7135539437896645,0,0.17952893674293408,"Получил 172,900 KZT от 1 контрагентов; исходящих в выборке нет 18 дн."
100000001845505100,peripheral,0.49,6,0.19171004529479546,"Входящих: 1, исходящих: 0; выраженные признаки основной структурной роли не достигли порога. Граница depth=4: дальнейшие переводы не наблюдаются."
100000001848426100,terminal,0.6386640331563268,8,0.17068192014356215,"Получил 95,530 KZT от 1 контрагентов; исходящих в выборке нет 3 дн."
100000001851289100,terminal,0.7010426110607434,4,0.2787176720332432,"Получил 109,510 KZT от 1 контрагентов; исходящих в выборке нет 13 дн."
100000001852140100,terminal,0.6548730734360834,59,0.13994616419919248,"Получил 30,000 KZT от 1 контрагентов; исходящих в выборке нет 28 дн."
100000001853812100,terminal,0.6857774252039891,6,0.15939883355764917,"Получил 70,000 KZT от 1 контрагентов; исходящих в выборке нет 21 дн."
100000001857829100,consolidator,0.9541607510990375,6,0.7427625515592499,"Получает от 6 контрагентов; входящий оборот 888,535 KZT; достижим от 3 seed."
100000001860090100,peripheral,0.49,8,0.08765814266487214,"Входящих: 1, исходящих: 0; выраженные признаки основной структурной роли не достигли порога."
100000001870116100,terminal,0.6017144799896387,1,0.11706594885598924,"Получил 24,000 KZT от 1 контрагентов; исходящих в выборке нет 4 дн."
100000001872484100,peripheral,1.0,56,0.40228157671469894,"Входящих: 1, исходящих: 3; выраженные признаки основной структурной роли не достигли порога."
100000001875167100,terminal,0.7030970729180158,5,0.4322674341799785,"Получил 1,000,000 KZT от 1 контрагентов; исходящих в выборке нет 4 дн."
100000001875239100,consolidator,0.9256169582996824,2,0.567143903514107,"Получает от 3 контрагентов; входящий оборот 712,000 KZT; достижим от 4 seed."
100000001884825100,consolidator,0.9010215851878861,2,0.49437600304494034,"Получает от 3 контрагентов; входящий оборот 495,000 KZT; достижим от 3 seed."
100000001887715100,consolidator,0.8965720608943926,21,0.4710838034126696,"Получает от 3 контрагентов; входящий оборот 1,331,500 KZT; достижим от 2 seed."
100000001893287100,peripheral,1.0,8,0.35092270049825447,"Входящих: 1, исходящих: 1; выраженные признаки основной структурной роли не достигли порога."
100000001899164100,consolidator,0.9325661278653552,12,0.7282983889090655,"Получает от 4 контрагентов; входящий оборот 291,675 KZT; достижим от 5 seed."
100000001904863100,peripheral,0.49,14,0.36294486800680664,"Входящих: 1, исходящих: 0; выраженные признаки основной структурной роли не достигли порога."
100000001924185100,terminal,0.7100181323662738,11,0.5787087731135115,"Получил 151,000 KZT от 2 контрагентов; исходящих в выборке нет 10 дн."
100000001927599100,terminal,0.7157298277425204,7,0.3473134548955133,"Получил 188,000 KZT от 2 контрагентов; исходящих в выборке нет 23 дн."
100000001929088100,peripheral,0.49,10,0.3344821689646064,"Входящих: 2, исходящих: 0; выраженные признаки основной структурной роли не достигли порога."
100000001934935100,terminal,0.6604293485299831,0,0.2249626249269175,"Получил 118,935 KZT от 1 контрагентов; исходящих в выборке нет 4 дн."
100000001937767100,peripheral,1.0,14,0.749339243108869,"Входящих: 1, исходящих: 4; выраженные признаки основной структурной роли не достигли порога."
100000001952325100,terminal,0.6464900919570004,1,0.1980933153880664,"Получил 77,888 KZT от 1 контрагентов; исходящих в выборке нет 4 дн."
100000001953577100,terminal,0.6273345421577515,1,0.10110812023328848,"Получил 15,600 KZT от 1 контрагентов; исходящих в выборке нет 11 дн."
100000001954534100,peripheral,1.0,0,0.32140079810001865,"Входящих: 1, исходящих: 1; выраженные признаки основной структурной роли не достигли порога."
100000001954903100,terminal,0.6516772438803263,11,0.13584118438761777,"Получил 27,118 KZT от 1 контрагентов; исходящих в выборке нет 11 дн."
100000001957974100,peripheral,0.49,14,0.21113952445042622,"Входящих: 1, исходящих: 0; выраженные признаки основной структурной роли не достигли порога. Граница depth=4: дальнейшие переводы не наблюдаются."
100000001960517100,terminal,0.7182116953762466,8,0.22150367472503324,"Получил 200,000 KZT от 1 контрагентов; исходящих в выборке нет 20 дн."
100000001961048100,terminal,0.7093381686310063,30,0.361042669711607,"Получил 150,000 KZT от 1 контрагентов; исходящих в выборке нет 14 дн."
100000001965374100,peripheral,1.0,24,0.40251841489183154,"Входящих: 2, исходящих: 3; выраженные признаки основной структурной роли не достигли порога."
100000001969496100,terminal,0.6416817769718948,14,0.16903992821893227,"Получил 22,740 KZT от 1 контрагентов; исходящих в выборке нет 14 дн."
100000001985793100,terminal,0.7351767905711695,8,0.2691520861372813,"Получил 420,000 KZT от 1 контрагентов; исходящих в выборке нет 11 дн."
100000001987030100,peripheral,1.0,15,0.5182214062977563,"Входящих: 2, исходящих: 1; выраженные признаки основной структурной роли не достигли порога."
100000001991973100,peripheral,0.49,18,0.12694930462090626,"Входящих: 1, исходящих: 0; выраженные признаки основной структурной роли не достигли порога. Граница depth=4: дальнейшие переводы не наблюдаются."
100000002015633100,terminal,0.6955349048050771,5,0.32355949339935935,"Получил 94,970 KZT от 1 контрагентов; исходящих в выборке нет 22 дн."
100000002028158100,terminal,0.6028979406812589,15,0.37093948442672586,"Получил 34,800 KZT от 1 контрагентов; исходящих в выборке нет 3 дн."
100000002032323100,peripheral,1.0,2,0.33795530684833625,"Входящих: 1, исходящих: 1; выраженные признаки основной структурной роли не достигли порога."
100000002087788100,terminal,0.6990707162284678,5,0.34745810264117183,"Получил 100,500 KZT от 1 контрагентов; исходящих в выборке нет 30 дн."
100000002095257100,terminal,0.6103354487760653,12,0.16065576086231453,"Получил 8,500 KZT от 1 контрагентов; исходящих в выборке нет 14 дн."
100000002103448100,terminal,0.6512692656391659,1,0.11836922386720504,"Получил 27,000 KZT от 1 контрагентов; исходящих в выборке нет 18 дн."
100000002109656100,terminal,0.7389845874886672,9,0.27101466620103143,"Получил 500,000 KZT от 1 контрагентов; исходящих в выборке нет 14 дн."
100000002116705100,terminal,0.6318223028105168,1,0.15125616868550923,"Получил 17,600 KZT от 1 контрагентов; исходящих в выборке нет 7 дн."
100000002119762100,peripheral,0.49,5,0.4892167388008847,"Входящих: 1, исходящих: 0; выраженные признаки основной структурной роли не достигли порога. Граница depth=4: дальнейшие переводы не наблюдаются."
100000002121357100,peripheral,1.0,2,0.5548321955476235,"Входящих: 2, исходящих: 1; выраженные признаки основной структурной роли не достигли порога."
100000002126791100,peripheral,0.49,2,0.3113735715397484,"Входящих: 1, исходящих: 0; выраженные признаки основной структурной роли не достигли порога. Граница depth=4: дальнейшие переводы не наблюдаются."
100000002130400100,peripheral,0.49,37,0.0803364737550471,"Входящих: 1, исходящих: 0; выраженные признаки основной структурной роли не достигли порога. Граница depth=4: дальнейшие переводы не наблюдаются."
100000002132479100,peripheral,1.0,14,0.47612566657118527,"Входящих: 1, исходящих: 1; выраженные признаки основной структурной роли не достигли порога."
100000002152857100,distributor,0.8096541786743515,8,0.45776165453786277,"Направляет 1,230,000 KZT 5 получателям; 6 исходящих операций."
100000002156381100,peripheral,0.49,33,0.6957574804068005,"Входящих: 2, исходящих: 1; выраженные признаки основной структурной роли не достигли порога."
100000002158488100,terminal,0.6576609247506799,1,0.12919246298788695,"Получил 31,723 KZT от 1 контрагентов; исходящих в выборке нет 8 дн."
100000002170580100,terminal,0.7093381686310063,11,0.19836249439210407,"Получил 150,000 KZT от 1 контрагентов; исходящих в выборке нет 10 дн."
100000002173070100,terminal,0.6548730734360834,4,0.37533816102868756,"Получил 30,000 KZT от 1 контрагентов; исходящих в выборке нет 28 дн."
100000002173161100,consolidator,0.9273928453873421,4,0.5485159996978809,"Получает от 3 контрагентов; входящий оборот 1,427,500 KZT; достижим от 3 seed."
100000002175422100,distributor,0.8796829971181556,31,0.5673868509964027,"Направляет 1,621,188 KZT 6 получателям; 14 исходящих операций."
100000002182176100,terminal,0.6666364460562103,0,0.13771646478241364,"Получил 42,465 KZT от 1 контрагентов; исходящих в выборке нет 26 дн."
100000002184107100,terminal,0.6065616500453309,35,0.09455585464333782,"Получил 6,066 KZT от 1 контрагентов; исходящих в выборке нет 10 дн."
100000002185328100,peripheral,1.0,22,0.340224038718636,"Входящих: 1, исходящих: 4; выраженные признаки основной структурной роли не достигли порога."
100000002188586100,peripheral,0.49,7,0.21216316328492557,"Входящих: 1, исходящих: 0; выраженные признаки основной структурной роли не достигли порога. Граница depth=4: дальнейшие переводы не наблюдаются."
100000002188829100,terminal,0.7058234037041834,3,0.5200914136083198,"Получил 400,000 KZT от 1 контрагентов; исходящих в выборке нет 5 дн."
100000002193259100,peripheral,1.0,12,0.6509688218204513,"Входящих: 2, исходящих: 3; выраженные признаки основной структурной роли не достигли порога."
100000002194320100,peripheral,0.49,58,0.17128308658591299,"Входящих: 1, исходящих: 0; выраженные признаки основной структурной роли не достигли порога. Граница depth=4: дальнейшие переводы не наблюдаются."
100000002194329100,terminal,0.6480734360834088,0,0.17268806234279907,"Получил 25,170 KZT от 1 контрагентов; исходящих в выборке нет 9 дн."
100000002199091100,terminal,0.6838055303717135,1,0.2151861821444594,"Получил 65,000 KZT от 1 контрагентов; исходящих в выборке нет 8 дн."
100000002205022100,peripheral,1.0,55,0.6907503177420592,"Входящих: 1, исходящих: 3; выраженные признаки основной структурной роли не достигли порога."
100000002208836100,peripheral,0.49,5,0.3142234682759857,"Входящих: 1, исходящих: 0; выраженные признаки основной структурной роли не достигли порога. Граница depth=4: дальнейшие переводы не наблюдаются."
100000002211413100,terminal,0.6049718300738246,1,0.13448631673396144,"Получил 37,000 KZT от 1 контрагентов; исходящих в выборке нет 3 дн."
100000002212494100,terminal,0.7112420670897552,31,0.19994616419919248,"Получил 160,000 KZT от 1 контрагентов; исходящих в выборке нет 10 дн."
100000002214207100,peripheral,0.49,37,0.16478241363840287,"Входящих: 1, исходящих: 0; выраженные признаки основной структурной роли не достигли порога. Граница depth=4: дальнейшие переводы не наблюдаются."
100000002214301100,peripheral,1.0,0,0.33012586505424224,"Входящих: 1, исходящих: 1; выраженные признаки основной структурной роли не достигли порога."
100000002214383100,peripheral,0.49,1,0.17009869896814717,"Входящих: 1, исходящих: 0; выраженные признаки основной структурной роли не достигли порога. Граница depth=4: дальнейшие переводы не наблюдаются."
100000002214570100,terminal,0.6506572982774251,1,0.12175863615971289,"Получил 26,471 KZT от 1 контрагентов; исходящих в выборке нет 18 дн."
100000002214664100,peripheral,0.49,1,0.24600917036095002,"Входящих: 1, исходящих: 1; выраженные признаки основной структурной роли не достигли порога."
100000002216999100,terminal,0.6437216681776972,1,0.11213100044863168,"Получил 23,677 KZT от 1 контрагентов; исходящих в выборке нет 11 дн."
100000002217161100,distributor,0.8904899135446687,35,0.5873178092513549,"Направляет 995,132 KZT 7 получателям; 19 исходящих операций."
100000002217806100,peripheral,0.49,38,0.17342754598474652,"Входящих: 1, исходящих: 0; выраженные признаки основной структурной роли не достигли порога. Граница depth=4: дальнейшие переводы не наблюдаются."
100000002224132100,consolidator,0.9326781352370943,24,0.49020639827615864,"Получает от 5 контрагентов; входящий оборот 3,951,020 KZT; достижим от 2 seed."
100000002227960100,peripheral,0.49,22,0.16626514131897713,"Входящих: 1, исходящих: 0; выраженные признаки основной структурной роли не достигли порога. Граница depth=4: дальнейшие переводы не наблюдаются."
100000002227989100,peripheral,0.49,22,0.10873934499775685,"Входящих: 1, исходящих: 0; выраженные признаки основной структурной роли не достигли порога. Граница depth=4: дальнейшие переводы не наблюдаются."
100000002229615100,peripheral,0.49,22,0.20069165139618622,"Входящих: 1, исходящих: 0; выраженные признаки основной структурной роли не достигли порога. Граница depth=4: дальнейшие переводы не наблюдаются."
100000002231144100,peripheral,0.49,22,0.0986855091969493,"Входящих: 1, исходящих: 0; выраженные признаки основной структурной роли не достигли порога. Граница depth=4: дальнейшие переводы не наблюдаются."
100000002232266100,terminal,0.6684383499546691,6,0.19142216240466578,"Получил 45,000 KZT от 1 контрагентов; исходящих в выборке нет 12 дн."
100000002236528100,terminal,0.6842475067996373,10,0.16525796321220276,"Получил 66,000 KZT от 1 контрагентов; исходящих в выборке нет 21 дн."
100000002241986100,distributor,0.8801873198847262,39,0.5686937540382799,"Направляет 3,077,000 KZT 6 получателям; 12 исходящих операций."
100000002242066100,peripheral,0.49,35,0.146630776132795,"Входящих: 1, исходящих: 0; выраженные признаки основной структурной роли не достигли порога. Граница depth=4: дальнейшие переводы не наблюдаются."
100000002242455100,peripheral,0.49,5,0.34044598958599015,"Входящих: 1, исходящих: 0; выраженные признаки основной структурной роли не достигли порога. Граница depth=4: дальнейшие переводы не наблюдаются."
100000002243354100,terminal,0.6394378966455122,1,0.11205473306415434,"Получил 20,879 KZT от 1 контрагентов; исходящих в выборке нет 16 дн."
100000002255058100,terminal,0.7383046237533998,3,0.2114984297891431,"Получил 491,500 KZT от 1 контрагентов; исходящих в выборке нет 7 дн."
100000002257794100,terminal,0.710494106980961,25,0.1763032750112158,"Получил 154,000 KZT от 1 контрагентов; исходящих в выборке нет 18 дн."
100000002258492100,peripheral,0.49,19,0.1062920592193809,"Входящих: 1, исходящих: 0; выраженные признаки основной структурной роли не достигли порога. Граница depth=4: дальнейшие переводы не наблюдаются."
100000002267998100,peripheral,1.0,23,0.5659299051529907,"Входящих: 2, исходящих: 3; выраженные признаки основной структурной роли не достигли порога."
100000002284426100,terminal,0.6933930190389845,5,0.35572189806512877,"Получил 90,000 KZT от 1 контрагентов; исходящих в выборке нет 10 дн."
100000002289937100,terminal,0.6368880326382592,1,0.11008524001794527,"Получил 20,000 KZT от 1 контрагентов; исходящих в выборке нет 29 дн."
100000002293421100,transit,0.6744680851063829,0,0.409828582718634,"Вход 41,000 KZT, выход 47,000 KZT; совпадение потока за 1–2 дня: 21%."
100000002299948100,terminal,0.6072416137805984,32,0.10220726783310902,"Получил 6,750 KZT от 1 контрагентов; исходящих в выборке нет 20 дн."
100000002301828100,terminal,0.6702402538531278,16,0.18875729026469268,"Получил 46,977 KZT от 1 контрагентов; исходящих в выборке нет 12 дн."
100000002304943100,peripheral,0.49,22,0.1291027366532077,"Входящих: 1, исходящих: 0; выраженные признаки основной структурной роли не достигли порога. Граница depth=4: дальнейшие переводы не наблюдаются."
100000002305007100,terminal,0.6800317316409791,1,0.14754149842978914,"Получил 56,000 KZT от 1 контрагентов; исходящих в выборке нет 18 дн."
100000002305477100,peripheral,0.49,22,0.14061013907581876,"Входящих: 1, исходящих: 0; выраженные признаки основной структурной роли не достигли порога. Граница depth=4: дальнейшие переводы не наблюдаются."
100000002306369100,distributor,0.8074927953890491,3,0.44170079738165435,"Направляет 260,900 KZT 6 получателям; 9 исходящих операций."
100000002308091100,terminal,0.7154578422484134,9,0.17298788694481831,"Получил 186,720 KZT от 1 контрагентов; исходящих в выборке нет 24 дн."
100000002320495100,peripheral,0.49,16,0.11131897711978465,"Входящих: 1, исходящих: 0; выраженные признаки основной структурной роли не достигли порога. Граница depth=4: дальнейшие переводы не наблюдаются."
100000002324543100,terminal,0.656300997280145,2,0.11742485419470615,"Получил 30,202 KZT от 1 контрагентов; исходящих в выборке нет 12 дн."
100000002335358100,terminal,0.7071962828649139,4,0.3035441902198295,"Получил 140,000 KZT от 1 контрагентов; исходящих в выборке нет 27 дн."
100000002340562100,terminal,0.6618766999093382,10,0.16734410049349485,"Получил 36,650 KZT от 1 контрагентов; исходящих в выборке нет 12 дн."
100000002343825100,consolidator,0.8964998263483576,2,0.5444626249083571,"Получает от 3 контрагентов; входящий оборот 350,000 KZT; достижим от 3 seed."
100000002346166100,terminal,0.6060856754306436,1,0.1314670255720054,"Получил 6,000 KZT от 1 контрагентов; исходящих в выборке нет 8 дн."
100000002356167100,peripheral,1.0,5,0.49826154279977325,"Входящих: 1, исходящих: 2; выраженные признаки основной структурной роли не достигли порога."
100000002369443100,terminal,0.6314628934075897,1,0.14201884253028263,"Получил 50,000 KZT от 1 контрагентов; исходящих в выборке нет 4 дн."
100000002369454100,peripheral,0.49,6,0.11713548676536564,"Входящих: 1, исходящих: 0; выраженные признаки основной структурной роли не достигли порога. Граница depth=4: дальнейшие переводы не наблюдаются."
100000002369510100,peripheral,0.49,1,0.13005607895917454,"Входящих: 1, исходящих: 0; выраженные признаки основной структурной роли не достигли порога."
100000002369874100,consolidator,0.9456985539479145,2,0.5567787173319626,"Получает от 4 контрагентов; входящий оборот 600,000 KZT; достижим от 4 seed."
100000002371751100,peripheral,1.0,61,0.4096326073589076,"Входящих: 1, исходящих: 1; выраженные признаки основной структурной роли не достигли порога."
100000002371892100,peripheral,0.49,62,0.10414535666218036,"Входящих: 1, исходящих: 0; выраженные признаки основной структурной роли не достигли порога. Граница depth=4: дальнейшие переводы не наблюдаются."
100000002373144100,peripheral,1.0,0,0.21354284956758351,"Входящих: 1, исходящих: 1; выраженные признаки основной структурной роли не достигли порога."
100000002373386100,terminal,0.5731430514182101,1,0.16270524899057875,"Получил 24,000 KZT от 1 контрагентов; исходящих в выборке нет 2 дн."
100000002380341100,terminal,0.6805077062556664,0,0.16388066397487663,"Получил 57,566 KZT от 1 контрагентов; исходящих в выборке нет 30 дн."
100000002391278100,peripheral,1.0,8,0.3394356349755636,"Входящих: 1, исходящих: 1; выраженные признаки основной структурной роли не достигли порога."
100000002394199100,peripheral,1.0,10,0.3187079407806191,"Входящих: 1, исходящих: 1; выраженные признаки основной структурной роли не достигли порога."
100000002398779100,consolidator,0.9886971342116834,0,0.8061014142776464,"Получает от 13 контрагентов; входящий оборот 1,095,690 KZT; достижим от 5 seed."
100000002404112100,peripheral,0.49,27,0.1248272768057425,"Входящих: 1, исходящих: 0; выраженные признаки основной структурной роли не достигли порога. Граница depth=4: дальнейшие переводы не наблюдаются."
100000002432143100,terminal,0.6902991840435176,3,0.3629628132737425,"Получил 81,310 KZT от 1 контрагентов; исходящих в выборке нет 23 дн."
100000002433697100,transit,0.5923076923076923,5,0.4236433927650586,"Вход 130,000 KZT, выход 110,000 KZT; совпадение потока за 1–2 дня: 0%."
100000002435265100,terminal,0.7055983680870354,0,0.3241775194984743,"Получил 132,628 KZT от 1 контрагентов; исходящих в выборке нет 10 дн."
100000002443664100,consolidator,0.9214238485988664,9,0.5811605149380444,"Получает от 3 контрагентов; входящий оборот 556,880 KZT; достижим от 4 seed."
100000002445750100,peripheral,1.0,0,0.407091846577178,"Входящих: 1, исходящих: 1; выраженные признаки основной структурной роли не достигли порога."
100000002448088100,consolidator,0.7046976275308386,22,0.37692826827896747,"Получает от 3 контрагентов; входящий оборот 20,000 KZT; достижим от 2 seed."
100000002454724100,terminal,0.704204442429737,30,0.40135671188298433,"Получил 125,000 KZT от 1 контрагентов; исходящих в выборке нет 16 дн."
100000002457464100,terminal,0.6701657816345034,3,0.2910595293683711,"Получил 66,647 KZT от 1 контрагентов; исходящих в выборке нет 6 дн."
100000002459093100,peripheral,1.0,8,0.29632240364717327,"Входящих: 1, исходящих: 1; выраженные признаки основной структурной роли не достигли порога."
100000002459163100,terminal,0.6388259292837715,56,0.20534320323014804,"Получил 20,180 KZT от 1 контрагентов; исходящих в выборке нет 14 дн."
100000002459164100,peripheral,0.49,0,0.12121579183490354,"Входящих: 1, исходящих: 0; выраженные признаки основной структурной роли не достигли порога."
100000002459240100,terminal,0.7093381686310063,5,0.3387546481772867,"Получил 150,000 KZT от 1 контрагентов; исходящих в выборке нет 28 дн."
100000002459832100,terminal,0.7453762466001813,20,0.40176469145969884,"Получил 880,606 KZT от 2 контрагентов; исходящих в выборке нет 8 дн."
100000002462183100,terminal,0.7005326382592928,46,0.2423956931359354,"Получил 107,500 KZT от 1 контрагентов; исходящих в выборке нет 18 дн."
100000002469065100,terminal,0.7182116953762466,4,0.447148389830841,"Получил 200,000 KZT от 1 контрагентов; исходящих в выборке нет 24 дн."
100000002472632100,peripheral,1.0,26,0.3643788810571829,"Входящих: 2, исходящих: 1; выраженные признаки основной структурной роли не достигли порога."
100000002474570100,peripheral,0.49,18,0.09126514131897713,"Входящих: 1, исходящих: 0; выраженные признаки основной структурной роли не достигли порога. Граница depth=4: дальнейшие переводы не наблюдаются."
100000002475601100,terminal,0.721985494106981,20,0.185814266487214,"Получил 232,301 KZT от 1 контрагентов; исходящих в выборке нет 22 дн."
100000002478829100,peripheral,0.49,22,0.23757814758281703,"Входящих: 1, исходящих: 0; выраженные признаки основной структурной роли не достигли порога. Граница depth=4: дальнейшие переводы не наблюдаются."
100000002479804100,peripheral,1.0,3,0.3572700153494291,"Входящих: 1, исходящих: 2; выраженные признаки основной структурной роли не достигли порога."
100000002480800100,terminal,0.7410924750679964,3,0.58145076757871,"Получил 569,251 KZT от 2 контрагентов; исходящих в выборке нет 10 дн."
100000002481735100,terminal,0.5700492164227432,4,0.2414445939883356,"Получил 22,436 KZT от 1 контрагентов; исходящих в выборке нет 2 дн."
100000002481974100,peripheral,1.0,6,0.49351445442605163,"Входящих: 2, исходящих: 2; выраженные признаки основной структурной роли не достигли порога."
100000002487222100,peripheral,0.49,5,0.3895576988726658,"Входящих: 1, исходящих: 0; выраженные признаки основной структурной роли не достигли порога. Граница depth=4: дальнейшие переводы не наблюдаются."
100000002488629100,terminal,0.6157087812459526,8,0.20943023777478692,"Получил 73,050 KZT от 1 контрагентов; исходящих в выборке нет 2 дн."
100000002489253100,terminal,0.6762919310970081,4,0.1557918349035442,"Получил 51,000 KZT от 1 контрагентов; исходящих в выборке нет 17 дн."
100000002492277100,peripheral,0.49,3,0.2463085199471059,"Входящих: 1, исходящих: 0; выраженные признаки основной структурной роли не достигли порога."
100000002505277100,peripheral,0.49,0,0.20386123416872998,"Входящих: 1, исходящих: 0; выраженные признаки основной структурной роли не достигли порога. Граница depth=4: дальнейшие переводы не наблюдаются."
100000002506987100,peripheral,0.49,7,0.1998616828004034,"Входящих: 1, исходящих: 0; выраженные признаки основной структурной роли не достигли порога. Граница depth=4: дальнейшие переводы не наблюдаются."
100000002508637100,peripheral,1.0,20,0.23986293515961626,"Входящих: 1, исходящих: 1; выраженные признаки основной структурной роли не достигли порога."
100000002509598100,terminal,0.729193109700816,9,0.25506581021179864,"Получил 305,550 KZT от 1 контрагентов; исходящих в выборке нет 13 дн."
100000002511581100,terminal,0.6318223028105168,1,0.10125616868550921,"Получил 17,600 KZT от 1 контрагентов; исходящих в выборке нет 24 дн."
100000002511825100,terminal,0.6838055303717135,0,0.1553342305966801,"Получил 65,000 KZT от 1 контрагентов; исходящих в выборке нет 30 дн."
100000002512742100,peripheral,0.49,18,0.13891655450874832,"Входящих: 1, исходящих: 0; выраженные признаки основной структурной роли не достигли порога. Граница depth=4: дальнейшие переводы не наблюдаются."
100000002513028100,peripheral,0.49,60,0.41919504388138396,"Входящих: 1, исходящих: 3; выраженные признаки основной структурной роли не достигли порога."
100000002514975100,peripheral,0.49,27,0.11584118438761776,"Входящих: 1, исходящих: 0; выраженные признаки основной структурной роли не достигли порога. Граница depth=4: дальнейшие переводы не наблюдаются."
100000002516862100,peripheral,0.49,60,0.19043965903992818,"Входящих: 1, исходящих: 0; выраженные признаки основной структурной роли не достигли порога. Граница depth=4: дальнейшие переводы не наблюдаются."
100000002521039100,terminal,0.7313009972801451,0,0.26160686000991434,"Получил 349,370 KZT от 1 контрагентов; исходящих в выборке нет 11 дн."
100000002527114100,distributor,0.9916426512968299,1,0.5072499552491778,"Направляет 3,289,249 KZT 111 получателям; 113 исходящих операций."
100000002528544100,terminal,0.7166137805983681,20,0.17877074921489455,"Получил 192,912 KZT от 1 контрагентов; исходящих в выборке нет 21 дн."
100000002528978100,peripheral,0.49,7,0.17684687795518128,"Входящих: 1, исходящих: 0; выраженные признаки основной структурной роли не достигли порога. Граница depth=4: дальнейшие переводы не наблюдаются."
100000002529877100,peripheral,0.49,9,0.18883804396590398,"Входящих: 1, исходящих: 0; выраженные признаки основной структурной роли не достигли порога. Граница depth=4: дальнейшие переводы не наблюдаются."
100000002529880100,terminal,0.7087262012692657,2,0.33095634408348995,"Получил 147,000 KZT от 2 контрагентов; исходящих в выборке нет 14 дн."
100000002530224100,terminal,0.7022665457842249,2,0.15559892328398384,"Получил 113,000 KZT от 1 контрагентов; исходящих в выборке нет 9 дн."
100000002531406100,transit,0.673076923076923,20,0.26335328957863824,"Вход 520,000 KZT, выход 500,000 KZT; совпадение потока за 1–2 дня: 0%."
100000002534091100,terminal,0.6413077969174977,6,0.2441012521139969,"Получил 22,200 KZT от 1 контрагентов; исходящих в выборке нет 8 дн."
100000002537811100,peripheral,1.0,11,0.5255347388453118,"Входящих: 1, исходящих: 1; выраженные признаки основной структурной роли не достигли порога."
100000002539625100,terminal,0.6953309156844968,2,0.18735307312696275,"Получил 94,700 KZT от 1 контрагентов; исходящих в выборке нет 15 дн."
100000002540033100,peripheral,0.49,21,0.2124764468371467,"Входящих: 1, исходящих: 0; выраженные признаки основной структурной роли не достигли порога. Граница depth=4: дальнейшие переводы не наблюдаются."
100000002540623100,terminal,0.6978467815049864,11,0.18628532974427991,"Получил 100,000 KZT от 1 контрагентов; исходящих в выборке нет 10 дн."
100000002546921100,terminal,0.6368880326382592,14,0.16436518618214446,"Получил 20,000 KZT от 1 контрагентов; исходящих в выборке нет 13 дн."
100000002547110100,consolidator,0.9594191373184392,2,0.5137748366025895,"Получает от 6 контрагентов; входящий оборот 1,500,000 KZT; достижим от 3 seed."
100000002548759100,terminal,0.6756540603548763,2,0.4348380936685384,"Получил 375,000 KZT от 2 контрагентов; исходящих в выборке нет 3 дн."
100000002550141100,terminal,0.6991387126019946,6,0.175347689546882,"Получил 100,586 KZT от 1 контрагентов; исходящих в выборке нет 21 дн."
100000002554175100,terminal,0.6455575702629193,7,0.12721399730820998,"Получил 24,621 KZT от 1 контрагентов; исходящих в выборке нет 26 дн."
100000002556775100,terminal,0.7285131459655485,5,0.36279906271295287,"Получил 300,000 KZT от 1 контрагентов; исходящих в выборке нет 15 дн."
100000002558173100,terminal,0.6114913871260199,32,0.10973979362943025,"Получил 9,300 KZT от 1 контрагентов; исходящих в выборке нет 8 дн."
100000002559089100,terminal,0.6719757803393342,9,0.2881508218116563,"Получил 715,000 KZT от 2 контрагентов; исходящих в выборке нет 2 дн."
100000002565277100,terminal,0.6950395026550965,3,0.5250757114997509,"Получил 483,319 KZT от 1 контрагентов; исходящих в выборке нет 4 дн."
100000002566204100,terminal,0.6900951949229374,11,0.17805293853746074,"Получил 80,805 KZT от 1 контрагентов; исходящих в выборке нет 10 дн."
100000002567887100,terminal,0.6760199456029011,5,0.30552001381210053,"Получил 50,915 KZT от 1 контрагентов; исходящих в выборке нет 15 дн."
100000002570206100,terminal,0.7125339981867633,16,0.32119472555643386,"Получил 166,960 KZT от 2 контрагентов; исходящих в выборке нет 8 дн."
100000002575080100,transit,0.673076923076923,15,0.40627640381757546,"Вход 13,000 KZT, выход 12,500 KZT; совпадение потока за 1–2 дня: 0%."
100000002578405100,distributor,0.9925072046109509,1,0.5355153654679392,"Направляет 3,108,352 KZT 116 получателям; 120 исходящих операций."
100000002578653100,terminal,0.6368880326382592,47,0.08903544190219831,"Получил 20,000 KZT от 1 контрагентов; исходящих в выборке нет 13 дн."
100000002580377100,peripheral,1.0,4,0.2831802165312888,"Входящих: 1, исходящих: 1; выраженные признаки основной структурной роли не достигли порога."
100000002581346100,terminal,0.7124660018132366,5,0.3428057921880538,"Получил 166,400 KZT от 1 контрагентов; исходящих в выборке нет 7 дн."
100000002589019100,terminal,0.6599728014505892,12,0.1285374607447286,"Получил 34,710 KZT от 1 контрагентов; исходящих в выборке нет 20 дн."
100000002591469100,terminal,0.7224614687216682,10,0.18200986989681472,"Получил 235,670 KZT от 1 контрагентов; исходящих в выборке нет 15 дн."
100000002592567100,coordinator,0.5592987447943553,4,0.4330718951626087,Betweenness 0.0007; достижим от 2 seed; межкластерный поток 16%.
100000002593038100,terminal,0.6525271985494107,12,0.38872308700446145,"Получил 28,500 KZT от 1 контрагентов; исходящих в выборке нет 22 дн."
100000002593344100,terminal,0.6642921901308121,2,0.4531792910675156,"Получил 431,000 KZT от 2 контрагентов; исходящих в выборке нет 2 дн."
100000002594214100,peripheral,0.49,39,0.40992109052811665,"Входящих: 1, исходящих: 0; выраженные признаки основной структурной роли не достигли порога. Граница depth=4: дальнейшие переводы не наблюдаются."
100000002596035100,terminal,0.7218495013599274,11,0.5300197894962638,"Получил 231,570 KZT от 1 контрагентов; исходящих в выборке нет 15 дн."
100000002596039100,peripheral,0.49,6,0.19103185284881113,"Входящих: 1, исходящих: 0; выраженные признаки основной структурной роли не достигли порога. Граница depth=4: дальнейшие переводы не наблюдаются."
100000002597003100,peripheral,1.0,0,0.243251238979876,"Входящих: 1, исходящих: 1; выраженные признаки основной структурной роли не достигли порога."
100000002597074100,peripheral,0.49,0,0.2398482238502015,"Входящих: 1, исходящих: 0; выраженные признаки основной структурной роли не достигли порога. Граница depth=4: дальнейшие переводы не наблюдаются."
100000002597623100,terminal,0.6288304623753399,0,0.16085315879860884,"Получил 16,418 KZT от 1 контрагентов; исходящих в выборке нет 11 дн."
100000002599729100,peripheral,0.49,0,0.244325567950695,"Входящих: 1, исходящих: 0; выраженные признаки основной структурной роли не достигли порога. Граница depth=4: дальнейшие переводы не наблюдаются."
100000002600345100,terminal,0.6772438803263826,4,0.299090036322162,"Получил 52,400 KZT от 2 контрагентов; исходящих в выборке нет 23 дн."
100000002603371100,terminal,0.6114913871260199,0,0.09431583669807089,"Получил 9,300 KZT от 1 контрагентов; исходящих в выборке нет 28 дн."
100000002603478100,terminal,0.6429397098821396,12,0.11237101839389863,"Получил 23,500 KZT от 1 контрагентов; исходящих в выборке нет 16 дн."
100000002603769100,consolidator,0.9154141509177138,0,0.523146752259835,"Получает от 3 контрагентов; входящий оборот 1,185,368 KZT; достижим от 3 seed."
100000002605184100,terminal,0.6357677114363425,15,0.15148048452220725,"Получил 140,000 KZT от 1 контрагентов; исходящих в выборке нет 2 дн."
100000002605308100,consolidator,0.950945607438395,14,0.5720070708537213,"Получает от 3 контрагентов; входящий оборот 2,569,522 KZT; достижим от 4 seed."
100000002605548100,terminal,0.7026745240253853,11,0.5193833467184225,"Получил 116,695 KZT от 2 контрагентов; исходящих в выборке нет 11 дн."
100000002606567100,peripheral,1.0,0,0.25988650142940495,"Входящих: 1, исходящих: 1; выраженные признаки основной структурной роли не достигли порога."
100000002609774100,peripheral,1.0,7,0.35599664931405595,"Входящих: 1, исходящих: 1; выраженные признаки основной структурной роли не достигли порога."
100000002611334100,peripheral,1.0,0,0.2904114004872784,"Входящих: 1, исходящих: 1; выраженные признаки основной структурной роли не достигли порога."
100000002612809100,peripheral,1.0,37,0.3464571200795135,"Входящих: 1, исходящих: 3; выраженные признаки основной структурной роли не достигли порога."
100000002613776100,terminal,0.6548730734360834,3,0.24317707086680085,"Получил 30,000 KZT от 1 контрагентов; исходящих в выборке нет 20 дн."
100000002613929100,terminal,0.6526291931097008,2,0.13831314490803048,"Получил 28,560 KZT от 1 контрагентов; исходящих в выборке нет 8 дн."
100000002614095100,terminal,0.6044877606527652,1,0.13014804845222072,"Получил 5,300 KZT от 1 контрагентов; исходящих в выборке нет 22 дн."
100000002615479100,terminal,0.7206595648232094,2,0.19014356213548678,"Получил 220,000 KZT от 1 контрагентов; исходящих в выборке нет 14 дн."
100000002618492100,terminal,0.7279691749773345,11,0.5881379954404372,"Получил 296,500 KZT от 2 контрагентов; исходящих в выборке нет 10 дн."
100000002621434100,terminal,0.6759114751975133,2,0.14206370569762228,"Получил 81,000 KZT от 1 контрагентов; исходящих в выборке нет 6 дн."
100000002621915100,terminal,0.6019378966455122,4,0.09969044414535666,"Получил 5,000 KZT от 1 контрагентов; исходящих в выборке нет 8 дн."
100000002621949100,terminal,0.7118540344514959,3,0.4432273490053587,"Получил 164,612 KZT от 1 контрагентов; исходящих в выборке нет 7 дн."
100000002622822100,peripheral,0.49,21,0.20148945715567518,"Входящих: 1, исходящих: 0; выраженные признаки основной структурной роли не достигли порога. Граница depth=4: дальнейшие переводы не наблюдаются."
100000002628146100,peripheral,0.49,32,0.1896052041274114,"Входящих: 1, исходящих: 0; выраженные признаки основной структурной роли не достигли порога."
100000002628576100,peripheral,0.49,5,0.5574244031662133,"Входящих: 2, исходящих: 2; выраженные признаки основной структурной роли не достигли порога."
100000002632742100,peripheral,0.49,2,0.4884180886964421,"Входящих: 2, исходящих: 0; выраженные признаки основной структурной роли не достигли порога."
100000002633108100,terminal,0.7297030825022665,14,0.311511888739345,"Получил 320,000 KZT от 1 контрагентов; исходящих в выборке нет 15 дн."
100000002633701100,peripheral,0.49,2,0.19474652310453117,"Входящих: 1, исходящих: 0; выраженные признаки основной структурной роли не достигли порога."
100000002635746100,peripheral,0.49,18,0.08652759084791387,"Входящих: 1, исходящих: 0; выраженные признаки основной структурной роли не достигли порога. Граница depth=4: дальнейшие переводы не наблюдаются."
100000002635780100,terminal,0.6688608988472996,10,0.16991924629878868,"Получил 163,000 KZT от 1 контрагентов; исходящих в выборке нет 4 дн."
100000002644285100,terminal,0.7389845874886672,9,0.27101466620103143,"Получил 500,000 KZT от 1 контрагентов; исходящих в выборке нет 27 дн."
100000002645046100,peripheral,0.49,18,0.10608793180798565,"Входящих: 1, исходящих: 0; выраженные признаки основной структурной роли не достигли порога. Граница depth=4: дальнейшие переводы не наблюдаются."
100000002645609100,consolidator,0.9035076909941205,0,0.3983652399783044,"Получает от 4 контрагентов; входящий оборот 546,821 KZT; достижим от 2 seed."
100000002645993100,distributor,0.7557636887608069,0,0.47588998697009094,"Направляет 86,980 KZT 5 получателям; 9 исходящих операций."
100000002646745100,terminal,0.6201949229374433,1,0.14143562135486765,"Получил 12,300 KZT от 1 контрагентов; исходящих в выборке нет 21 дн."
100000002646887100,terminal,0.6452855847688123,2,0.1778061911170929,"Получил 24,354 KZT от 1 контрагентов; исходящих в выборке нет 22 дн."
100000002648315100,peripheral,1.0,10,0.22751742286194054,"Входящих: 1, исходящих: 2; выраженные признаки основной структурной роли не достигли порога."
100000002653187100,peripheral,0.49,12,0.10740690892777029,"Входящих: 1, исходящих: 0; выраженные признаки основной структурной роли не достигли порога. Граница depth=4: дальнейшие переводы не наблюдаются."
100000002653948100,terminal,0.6918631006346329,5,0.31966537047428084,"Получил 85,200 KZT от 1 контрагентов; исходящих в выборке нет 28 дн."
100000002659103100,peripheral,0.49,45,0.19950650515926427,"Входящих: 1, исходящих: 0; выраженные признаки основной структурной роли не достигли порога. Граница depth=4: дальнейшие переводы не наблюдаются."
100000002659265100,peripheral,0.49,2,0.1880798564378645,"Входящих: 1, исходящих: 0; выраженные признаки основной структурной роли не достигли порога. Граница depth=4: дальнейшие переводы не наблюдаются."
100000002660298100,peripheral,0.49,7,0.20417751949847424,"Входящих: 1, исходящих: 0; выраженные признаки основной структурной роли не достигли порога. Граница depth=4: дальнейшие переводы не наблюдаются."
100000002662768100,terminal,0.648461986789276,3,0.1690444145356662,"Получил 84,300 KZT от 1 контрагентов; исходящих в выборке нет 4 дн."
100000002663511100,terminal,0.7258612873980054,0,0.19411395244504265,"Получил 268,940 KZT от 1 контрагентов; исходящих в выборке нет 18 дн."
100000002666248100,terminal,0.6863553943789664,3,0.4618051866006929,"Получил 70,032 KZT от 1 контрагентов; исходящих в выборке нет 11 дн."
100000002670463100,peripheral,0.49,18,0.14459847465231046,"Входящих: 1, исходящих: 0; выраженные признаки основной структурной роли не достигли порога. Граница depth=4: дальнейшие переводы не наблюдаются."
100000002670860100,terminal,0.7365027198549411,9,0.4446945315330516,"Получил 450,000 KZT от 2 контрагентов; исходящих в выборке нет 10 дн."
100000002670960100,terminal,0.7378286491387126,9,0.26942202376047514,"Получил 480,310 KZT от 1 контрагентов; исходящих в выборке нет 30 дн."
100000002671326100,peripheral,0.49,2,0.23403319874383133,"Входящих: 1, исходящих: 0; выраженные признаки основной структурной роли не достигли порога. Граница depth=4: дальнейшие переводы не наблюдаются."
100000002671806100,terminal,0.6203989120580236,12,0.09213548676536565,"Получил 12,440 KZT от 1 контрагентов; исходящих в выборке нет 16 дн."
100000002677201100,peripheral,1.0,2,0.2937218266424301,"Входящих: 1, исходящих: 1; выраженные признаки основной структурной роли не достигли порога."
100000002679516100,consolidator,0.8525208567584311,12,0.5551623769595156,"Получает от 3 контрагентов; входящий оборот 102,335 KZT; достижим от 4 seed."
100000002680477100,terminal,0.604026356689548,9,0.12754598474652312,"Получил 25,000 KZT от 1 контрагентов; исходящих в выборке нет 4 дн."
100000002681449100,peripheral,1.0,40,0.33881285268325456,"Входящих: 2, исходящих: 2; выраженные признаки основной структурной роли не достигли порога."
100000002681544100,terminal,0.7123300090661832,10,0.2934509358732469,"Получил 166,072 KZT от 2 контрагентов; исходящих в выборке нет 16 дн."
100000002686226100,peripheral,0.49,16,0.22502018842530283,"Входящих: 1, исходящих: 0; выраженные признаки основной структурной роли не достигли порога. Граница depth=4: дальнейшие переводы не наблюдаются."
100000002689717100,peripheral,0.49,7,0.22131524942220687,"Входящих: 1, исходящих: 0; выраженные признаки основной структурной роли не достигли порога. Граница depth=4: дальнейшие переводы не наблюдаются."
100000002691583100,terminal,0.7273572076155937,27,0.21042620008972635,"Получил 285,200 KZT от 1 контрагентов; исходящих в выборке нет 15 дн."
100000002691858100,terminal,0.6766999093381686,32,0.1746792283535218,"Получил 51,500 KZT от 1 контрагентов; исходящих в выборке нет 16 дн."
100000002692044100,terminal,0.6961128739800544,12,0.16891431135038135,"Получил 97,000 KZT от 1 контрагентов; исходящих в выборке нет 19 дн."
100000002692750100,consolidator,0.8401648308814491,8,0.601701992136838,"Получает от 3 контрагентов; входящий оборот 112,830 KZT; достижим от 3 seed."
100000002695812100,peripheral,0.49,7,0.24832736247738857,"Входящих: 1, исходящих: 0; выраженные признаки основной структурной роли не достигли порога. Граница depth=4: дальнейшие переводы не наблюдаются."
100000002696152100,peripheral,1.0,33,0.4865173655295949,"Входящих: 1, исходящих: 2; выраженные признаки основной структурной роли не достигли порога."
100000002697752100,terminal,0.7162058023572075,6,0.3465578828276973,"Получил 190,785 KZT от 2 контрагентов; исходящих в выборке нет 21 дн."
100000002700161100,peripheral,0.49,51,0.147209510991476,"Входящих: 1, исходящих: 0; выраженные признаки основной структурной роли не достигли порога. Граница depth=4: дальнейшие переводы не наблюдаются."
100000002702968100,peripheral,0.49,7,0.2551689954966797,"Входящих: 1, исходящих: 0; выраженные признаки основной структурной роли не достигли порога. Граница depth=4: дальнейшие переводы не наблюдаются."
100000002703376100,terminal,0.6699002719854941,0,0.2548280354248987,"Получил 46,501 KZT от 1 контрагентов; исходящих в выборке нет 26 дн."
100000002704875100,consolidator,0.9067048404673497,6,0.5831491409586393,"Получает от 3 контрагентов; входящий оборот 244,891 KZT; достижим от 5 seed."
100000002705460100,terminal,0.6956708975521305,4,0.15977119784656796,"Получил 95,000 KZT от 1 контрагентов; исходящих в выборке нет 29 дн."
100000002706810100,peripheral,0.49,18,0.15724988784208166,"Входящих: 1, исходящих: 0; выраженные признаки основной структурной роли не достигли порога. Граница depth=4: дальнейшие переводы не наблюдаются."
100000002707106100,peripheral,0.49,14,0.1263346792283535,"Входящих: 1, исходящих: 0; выраженные признаки основной структурной роли не достигли порога. Граница depth=4: дальнейшие переводы не наблюдаются."
100000002708624100,terminal,0.6468834995466908,26,0.1528622700762674,"Получил 25,000 KZT от 1 контрагентов; исходящих в выборке нет 7 дн."
100000002710570100,terminal,0.7211015412511332,31,0.3399514091350826,"Получил 225,015 KZT от 1 контрагентов; исходящих в выборке нет 16 дн."
100000002712416100,terminal,0.7028105167724388,9,0.4684938469742249,"Получил 116,800 KZT от 2 контрагентов; исходящих в выборке нет 9 дн."
100000002713074100,peripheral,1.0,16,0.3310260258798311,"Входящих: 2, исходящих: 1; выраженные признаки основной структурной роли не достигли порога."
100000002713974100,peripheral,0.49,6,0.22012113055181698,"Входящих: 1, исходящих: 0; выраженные признаки основной структурной роли не достигли порога. Граница depth=4: дальнейшие переводы не наблюдаются."
100000002718366100,consolidator,0.9850933264147659,2,0.6520990475216625,"Получает от 6 контрагентов; входящий оборот 2,525,000 KZT; достижим от 5 seed."
100000002720627100,terminal,0.7174977334542157,11,0.474649668365712,"Получил 199,300 KZT от 1 контрагентов; исходящих в выборке нет 10 дн."
100000002721825100,terminal,0.6181210335448776,0,0.1077074921489457,"Получил 11,000 KZT от 1 контрагентов; исходящих в выборке нет 23 дн."
100000002722108100,terminal,0.7446282864913871,9,0.31769927813463394,"Получил 800,000 KZT от 1 контрагентов; исходящих в выборке нет 11 дн."
100000002723439100,peripheral,0.49,33,0.25487662628981606,"Входящих: 1, исходящих: 0; выраженные признаки основной структурной роли не достигли порога. Граница depth=4: дальнейшие переводы не наблюдаются."
100000002723538100,distributor,0.8904178674351586,6,0.5825736391362523,"Направляет 560,499 KZT 12 получателям; 14 исходящих операций."
100000002723674100,peripheral,0.49,22,0.20720053835800809,"Входящих: 1, исходящих: 0; выраженные признаки основной структурной роли не достигли порога. Граница depth=4: дальнейшие переводы не наблюдаются."
100000002726055100,peripheral,0.49,22,0.08752355316285329,"Входящих: 1, исходящих: 0; выраженные признаки основной структурной роли не достигли порога. Граница depth=4: дальнейшие переводы не наблюдаются."
100000002727288100,terminal,0.6282524932003626,15,0.28211041309428986,"Получил 16,000 KZT от 1 контрагентов; исходящих в выборке нет 13 дн."
100000002728246100,peripheral,0.49,5,0.2894904041216564,"Входящих: 1, исходящих: 0; выраженные признаки основной структурной роли не достигли порога. Граница depth=4: дальнейшие переводы не наблюдаются."
100000002729875100,peripheral,0.49,7,0.2390227415711526,"Входящих: 1, исходящих: 0; выраженные признаки основной структурной роли не достигли порога. Граница depth=4: дальнейшие переводы не наблюдаются."
100000002731501100,distributor,0.8882564841498558,25,0.40951792032635337,"Направляет 833,960 KZT 7 получателям; 20 исходящих операций."
100000002733083100,peripheral,0.49,7,0.17523180393095517,"Входящих: 1, исходящих: 0; выраженные признаки основной структурной роли не достигли порога. Граница depth=4: дальнейшие переводы не наблюдаются."
100000002733905100,consolidator,0.7616928292183531,1,0.3956203488844856,"Получает от 3 контрагентов; входящий оборот 100,000 KZT; достижим от 1 seed."
100000002734815100,peripheral,0.49,2,0.1794347240915209,"Входящих: 1, исходящих: 0; выраженные признаки основной структурной роли не достигли порога. Граница depth=4: дальнейшие переводы не наблюдаются."
100000002736033100,peripheral,1.0,16,0.2699403372302125,"Входящих: 1, исходящих: 1; выраженные признаки основной структурной роли не достигли порога."
100000002736316100,consolidator,0.8796027275269613,0,0.5085466493489014,"Получает от 3 контрагентов; входящий оборот 266,921 KZT; достижим от 3 seed."
100000002737980100,terminal,0.6584088848594741,4,0.202692548659533,"Получил 32,900 KZT от 1 контрагентов; исходящих в выборке нет 18 дн."
100000002738256100,transit,0.8582857142857143,52,0.395420316605781,"Вход 150,200 KZT, выход 175,000 KZT; совпадение потока за 1–2 дня: 86%."
100000002741024100,consolidator,0.9502962905369342,0,0.6831414981779227,"Получает от 5 контрагентов; входящий оборот 817,981 KZT; достижим от 3 seed."
100000002742067100,peripheral,0.49,15,0.331854693040454,"Входящих: 1, исходящих: 0; выраженные признаки основной структурной роли не достигли порога."
100000002744581100,terminal,0.6192429737080689,10,0.08616868550919696,"Получил 12,000 KZT от 1 контрагентов; исходящих в выборке нет 10 дн."
100000002748040100,peripheral,0.49,7,0.1816382642270521,"Входящих: 1, исходящих: 0; выраженные признаки основной структурной роли не достигли порога. Граница depth=4: дальнейшие переводы не наблюдаются."
100000002748180100,distributor,0.8562680115273775,9,0.31577211688978746,"Направляет 679,743 KZT 8 получателям; 9 исходящих операций."
100000002748511100,peripheral,0.49,4,0.12392104082548228,"Входящих: 1, исходящих: 0; выраженные признаки основной структурной роли не достигли порога. Граница depth=4: дальнейшие переводы не наблюдаются."
100000002748532100,consolidator,0.9065779737121936,21,0.6288223441377009,"Получает от 3 контрагентов; входящий оборот 355,575 KZT; достижим от 4 seed."
100000002748581100,terminal,0.6660244786944696,14,0.19356213548676537,"Получил 41,180 KZT от 1 контрагентов; исходящих в выборке нет 22 дн."
100000002748761100,terminal,0.7445602901178604,9,0.32943996902741096,"Получил 796,800 KZT от 1 контрагентов; исходящих в выборке нет 20 дн."
100000002750332100,terminal,0.6185630099728014,2,0.08864961866307762,"Получил 11,360 KZT от 1 контрагентов; исходящих в выборке нет 14 дн."
100000002750956100,terminal,0.671260199456029,0,0.14257963212202782,"Получил 47,416 KZT от 1 контрагентов; исходящих в выборке нет 27 дн."
100000002752565100,peripheral,0.49,6,0.19251309599017458,"Входящих: 1, исходящих: 0; выраженные признаки основной структурной роли не достигли порога. Граница depth=4: дальнейшие переводы не наблюдаются."
100000002753146100,terminal,0.7446962828649138,9,0.3297360659318524,"Получил 803,540 KZT от 1 контрагентов; исходящих в выборке нет 11 дн."
100000002755292100,terminal,0.7191976427923844,5,0.3501947558488883,"Получил 203,400 KZT от 1 контрагентов; исходящих в выборке нет 15 дн."
100000002757240100,terminal,0.6765639165911151,3,0.3483105028206245,"Получил 51,183 KZT от 1 контрагентов; исходящих в выборке нет 12 дн."
100000002757791100,terminal,0.687137352674524,8,0.16944369672498882,"Получил 73,050 KZT от 1 контрагентов; исходящих в выборке нет 28 дн."
100000002757797100,terminal,0.6978467815049864,12,0.17021534320323012,"Получил 100,000 KZT от 1 контрагентов; исходящих в выборке нет 17 дн."
100000002760175100,terminal,0.7155938349954669,11,0.4722270573293728,"Получил 187,410 KZT от 1 контрагентов; исходящих в выборке нет 15 дн."
100000002762076100,peripheral,1.0,10,0.3119466501433118,"Входящих: 2, исходящих: 1; выраженные признаки основной структурной роли не достигли порога."
100000002769809100,terminal,0.7024025385312783,17,0.14719605204127412,"Получил 113,422 KZT от 1 контрагентов; исходящих в выборке нет 17 дн."
100000002773323100,peripheral,1.0,2,0.5736563761207486,"Входящих: 2, исходящих: 1; выраженные признаки основной структурной роли не достигли порога."
100000002774456100,terminal,0.675815956482321,11,0.47428179039352714,"Получил 50,363 KZT от 1 контрагентов; исходящих в выборке нет 29 дн."
100000002778085100,terminal,0.6843834995466909,4,0.21367505202427056,"Получил 66,208 KZT от 1 контрагентов; исходящих в выборке нет 27 дн."
100000002779485100,terminal,0.6940049864007253,6,0.19144459398833558,"Получил 91,000 KZT от 1 контрагентов; исходящих в выборке нет 19 дн."
100000002781227100,transit,0.6895189718482252,63,0.5071323568247958,"Вход 191,168 KZT, выход 212,420 KZT; совпадение потока за 1–2 дня: 20%."
100000002784085100,terminal,0.6467831239476752,2,0.1872812920592194,"Получил 200,000 KZT от 1 контрагентов; исходящих в выборке нет 2 дн."
100000002791494100,peripheral,0.49,7,0.24376926467568377,"Входящих: 1, исходящих: 0; выраженные признаки основной структурной роли не достигли порога. Граница depth=4: дальнейшие переводы не наблюдаются."
100000002793851100,terminal,0.6183590208522212,4,0.15501197441099107,"Получил 11,052 KZT от 1 контрагентов; исходящих в выборке нет 27 дн."
100000002793881100,consolidator,0.9273168676378509,2,0.5456679053086337,"Получает от 3 контрагентов; входящий оборот 785,600 KZT; достижим от 4 seed."
100000002794197100,terminal,0.6562330009066183,10,0.11176760879318082,"Получил 30,100 KZT от 1 контрагентов; исходящих в выборке нет 13 дн."
100000002794374100,peripheral,0.49,48,0.14476446837146703,"Входящих: 1, исходящих: 0; выраженные признаки основной структурной роли не достигли порога. Граница depth=4: дальнейшие переводы не наблюдаются."
100000002796853100,peripheral,1.0,63,0.40250718768264393,"Входящих: 1, исходящих: 1; выраженные признаки основной структурной роли не достигли порога."
100000002799941100,terminal,0.7419424297370807,17,0.22630776132794977,"Получил 600,000 KZT от 1 контрагентов; исходящих в выборке нет 8 дн."
100000002807334100,terminal,0.6788757932910244,5,0.30789776168110006,"Получил 54,715 KZT от 1 контрагентов; исходящих в выборке нет 26 дн."
100000002809568100,terminal,0.614687216681777,0,0.08818304172274563,"Получил 10,000 KZT от 1 контрагентов; исходящих в выборке нет 26 дн."
100000002809896100,terminal,0.6629986400725294,7,0.14525347689546883,"Получил 38,000 KZT от 1 контрагентов; исходящих в выборке нет 27 дн."
100000002810870100,terminal,0.6588168631006346,1,0.1310228802153432,"Получил 33,677 KZT от 1 контрагентов; исходящих в выборке нет 29 дн."
100000002812641100,peripheral,1.0,2,0.5472921089220152,"Входящих: 1, исходящих: 1; выраженные признаки основной структурной роли не достигли порога."
100000002815005100,terminal,0.6661280922160342,2,0.27599896409246255,"Получил 476,500 KZT от 1 контрагентов; исходящих в выборке нет 2 дн."
100000002818726100,terminal,0.617883046237534,13,0.33015437899828265,"Получил 10,879 KZT от 1 контрагентов; исходящих в выборке нет 9 дн."
100000002820010100,peripheral,0.49,8,0.12497981157469717,"Входящих: 1, исходящих: 0; выраженные признаки основной структурной роли не достигли порога."
100000002821425100,terminal,0.7262352674524025,9,0.2505929524280391,"Получил 275,000 KZT от 1 контрагентов; исходящих в выборке нет 20 дн."
100000002822472100,terminal,0.7254533091568449,9,0.42514671398379333,"Получил 266,722 KZT от 2 контрагентов; исходящих в выборке нет 24 дн."
100000002824176100,terminal,0.7083182230281051,8,0.21035966395787312,"Получил 144,000 KZT от 1 контрагентов; исходящих в выборке нет 18 дн."
100000002826669100,terminal,0.7109700815956482,0,0.49486501156894214,"Получил 159,900 KZT от 1 контрагентов; исходящих в выборке нет 15 дн."
100000002830055100,terminal,0.622812783318223,1,0.09667788245850158,"Получил 14,000 KZT от 1 контрагентов; исходящих в выборке нет 16 дн."
100000002831727100,peripheral,1.0,17,0.29892590527365404,"Входящих: 1, исходящих: 1; выраженные признаки основной структурной роли не достигли порога."
100000002832753100,peripheral,0.49,15,0.11958725886047555,"Входящих: 1, исходящих: 0; выраженные признаки основной структурной роли не достигли порога. Граница depth=4: дальнейшие переводы не наблюдаются."
100000002835874100,peripheral,0.49,2,0.2125400138905783,"Входящих: 1, исходящих: 0; выраженные признаки основной структурной роли не достигли порога. Граница depth=4: дальнейшие переводы не наблюдаются."
100000002836052100,terminal,0.6252266545784224,3,0.4249335227265295,"Получил 15,000 KZT от 1 контрагентов; исходящих в выборке нет 28 дн."
100000002836736100,terminal,0.7393925657298277,8,0.4686024924095492,"Получил 509,000 KZT от 2 контрагентов; исходящих в выборке нет 15 дн."
100000002838519100,terminal,0.6701042611060744,14,0.1979542395693136,"Получил 46,900 KZT от 1 контрагентов; исходящих в выборке нет 13 дн."
100000002838861100,consolidator,0.9528495058971438,2,0.695725415132545,"Получает от 5 контрагентов; входящий оборот 554,524 KZT; достижим от 4 seed."
100000002842321100,terminal,0.7112420670897552,5,0.34138811610012204,"Получил 160,000 KZT от 1 контрагентов; исходящих в выборке нет 29 дн."
100000002842337100,terminal,0.6314628934075897,10,0.17779273216689095,"Получил 50,000 KZT от 1 контрагентов; исходящих в выборке нет 4 дн."
100000002844652100,terminal,0.6822756119673618,10,0.13498429789143113,"Получил 61,360 KZT от 1 контрагентов; исходящих в выборке нет 24 дн."
100000002844897100,terminal,0.6177470534904805,2,0.0879542395693136,"Получил 10,800 KZT от 1 контрагентов; исходящих в выборке нет 10 дн."
100000002845605100,terminal,0.6805757026291931,0,0.20136832660385823,"Получил 57,567 KZT от 1 контрагентов; исходящих в выборке нет 29 дн."
100000002847207100,terminal,0.6695602901178603,3,0.44470783352756604,"Получил 46,243 KZT от 1 контрагентов; исходящих в выборке нет 14 дн."
100000002849158100,consolidator,0.9095211318787293,2,0.592115453948795,"Получает от 3 контрагентов; входящий оборот 723,000 KZT; достижим от 3 seed."
100000002852402100,peripheral,0.49,15,0.12241363840287126,"Входящих: 1, исходящих: 0; выраженные признаки основной структурной роли не достигли порога."
100000002858835100,terminal,0.6453535811423391,1,0.1675953342305967,"Получил 24,400 KZT от 1 контрагентов; исходящих в выборке нет 25 дн."
100000002860934100,peripheral,0.49,28,0.28342305966801257,"Входящих: 1, исходящих: 0; выраженные признаки основной структурной роли не достигли порога. Граница depth=4: дальнейшие переводы не наблюдаются."
100000002861485100,terminal,0.6533091568449683,4,0.23193436113149354,"Получил 29,323 KZT от 1 контрагентов; исходящих в выборке нет 9 дн."
100000002862113100,terminal,0.6711922030825023,14,0.18325257963212205,"Получил 47,405 KZT от 1 контрагентов; исходящих в выборке нет 27 дн."
100000002863356100,peripheral,1.0,1,0.2111504893380698,"Входящих: 1, исходящих: 1; выраженные признаки основной структурной роли не достигли порога."
100000002864256100,terminal,0.7060743427017225,3,0.43558266529068845,"Получил 135,780 KZT от 1 контрагентов; исходящих в выборке нет 9 дн."
100000002864680100,terminal,0.6798957388939256,12,0.1485464333781965,"Получил 55,932 KZT от 1 контрагентов; исходящих в выборке нет 18 дн."
100000002870463100,consolidator,0.8494279085825158,8,0.4477673370225638,"Получает от 3 контрагентов; входящий оборот 207,000 KZT; достижим от 2 seed."
100000002870937100,terminal,0.6911831368993654,10,0.14472409152086138,"Получил 83,700 KZT от 1 контрагентов; исходящих в выборке нет 27 дн."
100000002871199100,terminal,0.6423617407071622,14,0.1199416778824585,"Получил 23,186 KZT от 1 контрагентов; исходящих в выборке нет 25 дн."
100000002872399100,terminal,0.6893213314337521,10,0.3646478241363841,"Получил 1,090,000 KZT от 1 контрагентов; исходящих в выборке нет 3 дн."
100000002876914100,peripheral,0.49,18,0.10608793180798565,"Входящих: 1, исходящих: 0; выраженные признаки основной структурной роли не достигли порога. Граница depth=4: дальнейшие переводы не наблюдаются."
100000002877262100,terminal,0.6978467815049864,2,0.3493692735698394,"Получил 100,000 KZT от 1 контрагентов; исходящих в выборке нет 18 дн."
100000002878467100,terminal,0.7182116953762466,2,0.2934058730202329,"Получил 200,000 KZT от 2 контрагентов; исходящих в выборке нет 14 дн."
100000002878483100,peripheral,0.49,18,0.08891655450874833,"Входящих: 1, исходящих: 0; выраженные признаки основной структурной роли не достигли порога. Граница depth=4: дальнейшие переводы не наблюдаются."
100000002881669100,terminal,0.633760199456029,12,0.10386496186630777,"Получил 18,600 KZT от 1 контрагентов; исходящих в выборке нет 18 дн."
100000002883402100,consolidator,0.9009116092516315,2,0.5172336298487864,"Получает от 3 контрагентов; входящий оборот 300,000 KZT; достижим от 4 seed."
100000002884708100,peripheral,0.49,2,0.23195603409600718,"Входящих: 1, исходящих: 0; выраженные признаки основной структурной роли не достигли порога. Граница depth=4: дальнейшие переводы не наблюдаются."
100000002886166100,terminal,0.6438592798860251,25,0.24153880663974875,"Получил 185,000 KZT от 1 контрагентов; исходящих в выборке нет 2 дн."
100000002890167100,terminal,0.7029465095194922,4,0.2349671112436515,"Получил 118,150 KZT от 1 контрагентов; исходящих в выборке нет 21 дн."
100000002891765100,terminal,0.6797597461468722,14,0.1575011215791835,"Получил 55,576 KZT от 1 контрагентов; исходящих в выборке нет 28 дн."
100000002893020100,terminal,0.6336582048957389,7,0.11568864961866308,"Получил 18,340 KZT от 1 контрагентов; исходящих в выборке нет 28 дн."
100000002894076100,consolidator,0.9694527271557345,10,0.603055645807709,"Получает от 4 контрагентов; входящий оборот 1,122,782 KZT; достижим от 7 seed."
100000002896506100,peripheral,0.49,5,0.2919354467416653,"Входящих: 1, исходящих: 0; выраженные признаки основной структурной роли не достигли порога. Граница depth=4: дальнейшие переводы не наблюдаются."
100000002901457100,peripheral,1.0,0,0.500289596851392,"Входящих: 1, исходящих: 3; выраженные признаки основной структурной роли не достигли порога."
100000002904919100,peripheral,1.0,0,0.21956797294129365,"Входящих: 1, исходящих: 1; выраженные признаки основной структурной роли не достигли порога."
100000002906470100,terminal,0.6765509649009196,17,0.17935845670704353,"Получил 130,000 KZT от 1 контрагентов; исходящих в выборке нет 5 дн."
100000002908521100,peripheral,0.49,1,0.1363010318528488,"Входящих: 1, исходящих: 0; выраженные признаки основной структурной роли не достигли порога."
100000002911170100,terminal,0.7285131459655485,30,0.41952629465552804,"Получил 300,000 KZT от 1 контрагентов; исходящих в выборке нет 14 дн."
100000002913340100,terminal,0.6433476881233001,1,0.11170255720053837,"Получил 23,600 KZT от 1 контрагентов; исходящих в выборке нет 10 дн."
100000002914245100,terminal,0.7075702629193109,20,0.16729475100942126,"Получил 140,611 KZT от 1 контрагентов; исходящих в выборке нет 25 дн."
100000002916006100,peripheral,1.0,19,0.10898609241812474,"Входящих: 0, исходящих: 1; выраженные признаки основной структурной роли не достигли порога."
100000002921047100,peripheral,1.0,10,0.5262060016633022,"Входящих: 2, исходящих: 1; выраженные признаки основной структурной роли не достигли порога."
100000002922000100,peripheral,0.49,45,0.22742036787797215,"Входящих: 1, исходящих: 0; выраженные признаки основной структурной роли не достигли порога. Граница depth=4: дальнейшие переводы не наблюдаются."
100000002926970100,terminal,0.6916591115140526,7,0.22641094661283087,"Получил 85,000 KZT от 1 контрагентов; исходящих в выборке нет 22 дн."
100000002933386100,peripheral,1.0,3,0.25498004749953374,"Входящих: 1, исходящих: 1; выраженные признаки основной структурной роли не достигли порога."
100000002934441100,terminal,0.6821396192203082,0,0.2447554957379991,"Получил 60,846 KZT от 2 контрагентов; исходящих в выборке нет 29 дн."
100000002936322100,peripheral,0.49,20,0.3911228423168578,"Входящих: 2, исходящих: 0; выраженные признаки основной структурной роли не достигли порога."
100000002938501100,peripheral,1.0,4,0.24344249005280777,"Входящих: 1, исходящих: 1; выраженные признаки основной структурной роли не достигли порога."
100000002939838100,consolidator,0.9310778796680738,4,0.6087111026765638,"Получает от 3 контрагентов; входящий оборот 571,233 KZT; достижим от 6 seed."
100000002941114100,peripheral,0.49,11,0.793449604853248,"Входящих: 2, исходящих: 1; выраженные признаки основной структурной роли не достигли порога."
100000002943472100,terminal,0.7131799637352675,2,0.3681624543684038,"Получил 170,000 KZT от 1 контрагентов; исходящих в выборке нет 18 дн."
100000002945031100,terminal,0.6252266545784224,13,0.28911803983273754,"Получил 15,000 KZT от 1 контрагентов; исходящих в выборке нет 23 дн."
100000002945626100,consolidator,0.9224437942017676,2,0.5749979077054331,"Получает от 3 контрагентов; входящий оборот 584,000 KZT; достижим от 4 seed."
100000002947299100,terminal,0.6916591115140526,3,0.36477079891752895,"Получил 85,000 KZT от 1 контрагентов; исходящих в выборке нет 16 дн."
100000002948492100,terminal,0.643517679057117,14,0.12079856437864514,"Получил 23,660 KZT от 1 контрагентов; исходящих в выборке нет 10 дн."
100000002951898100,terminal,0.6641205802357207,14,0.14209510991476,"Получил 39,990 KZT от 1 контрагентов; исходящих в выборке нет 23 дн."
100000002952631100,terminal,0.6714641885766092,4,0.2006198703284428,"Получил 48,050 KZT от 1 контрагентов; исходящих в выборке нет 27 дн."
100000002952756100,terminal,0.6704102447869447,9,0.12577388963660835,"Получил 47,000 KZT от 1 контрагентов; исходящих в выборке нет 24 дн."
100000002954780100,terminal,0.6342377930319907,2,0.1601884253028264,"Получил 133,400 KZT от 1 контрагентов; исходящих в выборке нет 2 дн."
100000002956769100,consolidator,0.9120143322413766,9,0.4610260062494523,"Получает от 3 контрагентов; входящий оборот 840,000 KZT; достижим от 3 seed."
100000002956779100,terminal,0.691979665846393,3,0.17255271422162405,"Получил 411,000 KZT от 1 контрагентов; исходящих в выборке нет 4 дн."
100000002956898100,terminal,0.6562686180546561,15,0.4918034058335794,"Получил 290,240 KZT от 2 контрагентов; исходящих в выборке нет 2 дн."
100000002957306100,terminal,0.7342248413417951,11,0.5745289682791165,"Получил 398,490 KZT от 2 контрагентов; исходящих в выборке нет 7 дн."
100000002957787100,distributor,0.9613832853025936,0,0.7929749965328636,"Направляет 1,276,154 KZT 34 получателям; 41 исходящих операций."
100000002958139100,terminal,0.7052519103743039,2,0.2828809739623594,"Получил 209,500 KZT от 1 контрагентов; исходящих в выборке нет 6 дн."
100000002958286100,terminal,0.7248413417951042,2,0.1959398833557649,"Получил 257,000 KZT от 1 контрагентов; исходящих в выборке нет 11 дн."
100000002958343100,peripheral,1.0,10,0.3913549988307751,"Входящих: 1, исходящих: 2; выраженные признаки основной структурной роли не достигли порога."
100000002958345100,terminal,0.729465095194923,9,0.25519142708034953,"Получил 307,000 KZT от 1 контрагентов; исходящих в выборке нет 16 дн."
100000002963189100,distributor,0.9076368876080693,14,0.468831095607639,"Направляет 5,219,000 KZT 7 получателям; 15 исходящих операций."
100000002964966100,terminal,0.7182116953762466,3,0.2765911579013455,"Получил 200,000 KZT от 1 контрагентов; исходящих в выборке нет 17 дн."
100000002968096100,peripheral,0.49,6,0.3058340559834778,"Входящих: 1, исходящих: 0; выраженные признаки основной структурной роли не достигли порога. Граница depth=4: дальнейшие переводы не наблюдаются."
100000002969048100,peripheral,0.49,8,0.17504262000897264,"Входящих: 1, исходящих: 0; выраженные признаки основной структурной роли не достигли порога."
100000002970466100,peripheral,1.0,0,0.4160579376162357,"Входящих: 1, исходящих: 2; выраженные признаки основной структурной роли не достигли порога."
100000002971593100,peripheral,0.49,5,0.32115931394669,"Входящих: 1, исходящих: 0; выраженные признаки основной структурной роли не достигли порога. Граница depth=4: дальнейшие переводы не наблюдаются."
100000002973903100,consolidator,0.8443612919352218,12,0.5595324672319768,"Получает от 3 контрагентов; входящий оборот 92,880 KZT; достижим от 4 seed."
100000002974256100,terminal,0.5942818287786557,12,0.10292507851054283,"Получил 7,200 KZT от 1 контрагентов; исходящих в выборке нет 6 дн."
100000002975287100,terminal,0.6252266545784224,16,0.10106101390758188,"Получил 15,000 KZT от 1 контрагентов; исходящих в выборке нет 23 дн."
100000002975437100,peripheral,1.0,31,0.33041274113952446,"Входящих: 1, исходящих: 1; выраженные признаки основной структурной роли не достигли порога."
100000002981489100,peripheral,0.49,5,0.2732723691283858,"Входящих: 1, исходящих: 0; выраженные признаки основной структурной роли не достигли порога. Граница depth=4: дальнейшие переводы не наблюдаются."
100000002981527100,terminal,0.7127379873073436,2,0.18165993719156576,"Получил 168,000 KZT от 1 контрагентов; исходящих в выборке нет 11 дн."
100000002982252100,terminal,0.6390979147778785,1,0.16167339614176762,"Получил 20,320 KZT от 1 контрагентов; исходящих в выборке нет 10 дн."
100000002983426100,terminal,0.6927470534904805,7,0.17817855540601163,"Получил 88,945 KZT от 1 контрагентов; исходящих в выборке нет 25 дн."
100000002983879100,terminal,0.718789664551224,3,0.5374940156271734,"Получил 200,050 KZT от 2 контрагентов; исходящих в выборке нет 15 дн."
100000002984403100,peripheral,1.0,26,0.2612788361940156,"Входящих: 1, исходящих: 1; выраженные признаки основной структурной роли не достигли порога."
100000002986245100,peripheral,0.49,18,0.13803947958725887,"Входящих: 1, исходящих: 0; выраженные признаки основной структурной роли не достигли порога. Граница depth=4: дальнейшие переводы не наблюдаются."
100000002988894100,peripheral,1.0,3,0.6722514964741099,"Входящих: 1, исходящих: 3; выраженные признаки основной структурной роли не достигли порога."
100000002989353100,peripheral,1.0,9,0.4019506099865091,"Входящих: 1, исходящих: 2; выраженные признаки основной структурной роли не достигли порога."
100000002990675100,terminal,0.6764959202175884,5,0.3058699465173495,"Получил 51,143 KZT от 1 контрагентов; исходящих в выборке нет 12 дн."
100000002991079100,peripheral,1.0,4,0.43543637697815285,"Входящих: 2, исходящих: 1; выраженные признаки основной структурной роли не достигли порога."
100000002992171100,terminal,0.623730734360834,1,0.09778824585015702,"Получил 14,627 KZT от 1 контрагентов; исходящих в выборке нет 15 дн."
100000002994441100,peripheral,0.49,6,0.10376850605652757,"Входящих: 1, исходящих: 0; выраженные признаки основной структурной роли не достигли порога. Граница depth=4: дальнейшие переводы не наблюдаются."
100000002999140100,peripheral,0.49,12,0.13055630327501122,"Входящих: 1, исходящих: 0; выраженные признаки основной структурной роли не достигли порога. Граница depth=4: дальнейшие переводы не наблюдаются."
100000003001138100,peripheral,0.49,28,0.1533647375504711,"Входящих: 1, исходящих: 0; выраженные признаки основной структурной роли не достигли порога. Граница depth=4: дальнейшие переводы не наблюдаются."
100000003001564100,peripheral,1.0,4,0.2984785565940972,"Входящих: 1, исходящих: 1; выраженные признаки основной структурной роли не достигли порога."
100000003001661100,distributor,0.8052593659942363,28,0.4307366846643613,"Направляет 439,500 KZT 5 получателям; 8 исходящих операций."
100000003003821100,terminal,0.6646645512239348,3,0.3815046033795176,"Получил 40,000 KZT от 1 контрагентов; исходящих в выборке нет 26 дн."
100000003004487100,consolidator,0.8680929131156074,31,0.536839681108071,"Получает от 4 контрагентов; входящий оборот 183,703 KZT; достижим от 2 seed."
100000003005167100,peripheral,0.49,18,0.14233288470165995,"Входящих: 1, исходящих: 0; выраженные признаки основной структурной роли не достигли порога. Граница depth=4: дальнейшие переводы не наблюдаются."
100000003006633100,terminal,0.614687216681777,35,0.10639300134589502,"Получил 10,000 KZT от 1 контрагентов; исходящих в выборке нет 21 дн."
100000003009900100,terminal,0.6279465095194923,7,0.11035441902198295,"Получил 15,998 KZT от 1 контрагентов; исходящих в выборке нет 29 дн."
100000003010908100,peripheral,0.49,7,0.105464333781965,"Входящих: 1, исходящих: 0; выраженные признаки основной структурной роли не достигли порога. Граница depth=4: дальнейшие переводы не наблюдаются."
100000003014659100,terminal,0.7267452402538531,11,0.4854886095949627,"Получил 280,000 KZT от 1 контрагентов; исходящих в выборке нет 11 дн."
100000003016438100,peripheral,1.0,2,0.3295002025957724,"Входящих: 1, исходящих: 1; выраженные признаки основной структурной роли не достигли порога."
100000003016635100,distributor,0.9965417867435158,4,0.7207516493029235,"Направляет 9,414,081 KZT 73 получателям; 151 исходящих операций."
100000003016773100,terminal,0.6700362647325476,2,0.21191565724540154,"Получил 46,555 KZT от 1 контрагентов; исходящих в выборке нет 18 дн."
100000003022835100,terminal,0.6613472995725942,3,0.4330994889784408,"Получил 125,000 KZT от 1 контрагентов; исходящих в выборке нет 4 дн."
100000003024542100,terminal,0.6103354487760653,3,0.33080922428575354,"Получил 8,500 KZT от 1 контрагентов; исходящих в выборке нет 17 дн."
100000003025903100,peripheral,0.49,5,0.4192122524841507,"Входящих: 1, исходящих: 0; выраженные признаки основной структурной роли не достигли порога. Граница depth=4: дальнейшие переводы не наблюдаются."
100000003031003100,consolidator,0.898305081599773,9,0.515001447252732,"Получает от 3 контрагентов; входящий оборот 280,090 KZT; достижим от 4 seed."
100000003031633100,terminal,0.7063673746923973,2,0.30570286718802114,"Получил 414,000 KZT от 1 контрагентов; исходящих в выборке нет 5 дн."
100000003031761100,terminal,0.7372166817769719,20,0.20848811126065503,"Получил 460,408 KZT от 1 контрагентов; исходящих в выборке нет 24 дн."
100000003031890100,terminal,0.6486530242196606,25,0.32457604306864063,"Получил 215,000 KZT от 1 контрагентов; исходящих в выборке нет 2 дн."
100000003034546100,peripheral,0.49,2,0.24794526693584568,"Входящих: 1, исходящих: 0; выраженные признаки основной структурной роли не достигли порога."
100000003035737100,peripheral,1.0,5,0.6812285304786135,"Входящих: 2, исходящих: 1; выраженные признаки основной структурной роли не достигли порога."
100000003036198100,terminal,0.6252266545784224,3,0.16216764960165952,"Получил 15,000 KZT от 1 контрагентов; исходящих в выборке нет 29 дн."
100000003037476100,consolidator,0.8778050618010109,2,0.3641719419155077,"Получает от 3 контрагентов; входящий оборот 555,000 KZT; достижим от 2 seed. Граница depth=4: дальнейшие переводы не наблюдаются."
100000003037660100,terminal,0.6776858567543064,3,0.4517468644831515,"Получил 53,000 KZT от 1 контрагентов; исходящих в выборке нет 8 дн."
100000003039473100,terminal,0.6420557570262919,4,0.3744881609632894,"Получил 23,000 KZT от 1 контрагентов; исходящих в выборке нет 12 дн."
100000003040087100,peripheral,0.49,7,0.20105504305163713,"Входящих: 1, исходящих: 0; выраженные признаки основной структурной роли не достигли порога. Граница depth=4: дальнейшие переводы не наблюдаются."
100000003042994100,terminal,0.7274932003626473,4,0.3123112117371463,"Получил 286,086 KZT от 1 контрагентов; исходящих в выборке нет 8 дн."
100000003044431100,terminal,0.6814936536718041,3,0.4060045360193683,"Получил 60,000 KZT от 2 контрагентов; исходящих в выборке нет 21 дн."
100000003044518100,terminal,0.6595648232094288,10,0.11483176312247645,"Получил 34,423 KZT от 1 контрагентов; исходящих в выборке нет 11 дн."
100000003047800100,peripheral,0.49,9,0.09637056976222522,"Входящих: 1, исходящих: 0; выраженные признаки основной структурной роли не достигли порога. Граница depth=4: дальнейшие переводы не наблюдаются."
100000003050771100,terminal,0.7213735267452402,13,0.4405626338210731,"Получил 229,000 KZT от 1 контрагентов; исходящих в выборке нет 10 дн."
100000003054328100,peripheral,1.0,9,0.2650446309873417,"Входящих: 1, исходящих: 2; выраженные признаки основной структурной роли не достигли порога."
100000003057225100,terminal,0.7225294650951949,4,0.2592919205751903,"Получил 236,000 KZT от 1 контрагентов; исходящих в выборке нет 14 дн."
100000003060187100,terminal,0.694718948322756,17,0.21761327949753254,"Получил 93,046 KZT от 1 контрагентов; исходящих в выборке нет 7 дн."
100000003060517100,terminal,0.7295330915684496,16,0.2131493943472409,"Получил 315,955 KZT от 1 контрагентов; исходящих в выборке нет 26 дн."
100000003061115100,peripheral,0.49,0,0.2053215302656344,"Входящих: 1, исходящих: 0; выраженные признаки основной структурной роли не достигли порога. Граница depth=4: дальнейшие переводы не наблюдаются."
100000003062895100,terminal,0.7300770625566636,2,0.34744306700146893,"Получил 328,444 KZT от 2 контрагентов; исходящих в выборке нет 10 дн."
100000003066385100,terminal,0.6368880326382592,0,0.1996724988784208,"Получил 20,000 KZT от 2 контрагентов; исходящих в выборке нет 22 дн."
100000003068941100,consolidator,0.8284354564480856,0,0.5770436016792234,"Получает от 3 контрагентов; входящий оборот 94,000 KZT; достижим от 3 seed."
100000003069463100,peripheral,1.0,27,0.20587814220051215,"Входящих: 1, исходящих: 1; выраженные признаки основной структурной роли не достигли порога."
100000003071649100,terminal,0.7159338168631006,2,0.17282637954239569,"Получил 189,500 KZT от 1 контрагентов; исходящих в выборке нет 9 дн."
100000003071930100,consolidator,0.9301635893340768,2,0.8032898606631999,"Получает от 3 контрагентов; входящий оборот 477,610 KZT; достижим от 5 seed."
100000003072205100,peripheral,0.49,2,0.4067986140812795,"Входящих: 2, исходящих: 0; выраженные признаки основной структурной роли не достигли порога. Граница depth=4: дальнейшие переводы не наблюдаются."
100000003072676100,terminal,0.6574569356300997,16,0.13111709286675638,"Получил 31,545 KZT от 1 контрагентов; исходящих в выборке нет 23 дн."
100000003073398100,peripheral,0.49,8,0.16925975773889637,"Входящих: 1, исходящих: 0; выраженные признаки основной структурной роли не достигли порога."
100000003073635100,terminal,0.6906326900660537,6,0.2318259309107223,"Получил 129,231 KZT от 1 контрагентов; исходящих в выборке нет 6 дн."
100000003074515100,peripheral,0.49,2,0.2344287532355761,"Входящих: 1, исходящих: 0; выраженные признаки основной структурной роли не достигли порога. Граница depth=4: дальнейшие переводы не наблюдаются."
100000003078839100,peripheral,0.49,6,0.21802153432032303,"Входящих: 1, исходящих: 0; выраженные признаки основной структурной роли не достигли порога. Граница depth=4: дальнейшие переводы не наблюдаются."
100000003083865100,peripheral,0.49,7,0.17413938580623556,"Входящих: 1, исходящих: 0; выраженные признаки основной структурной роли не достигли порога. Граница depth=4: дальнейшие переводы не наблюдаются."
100000003084870100,peripheral,0.49,9,0.08467474203678779,"Входящих: 1, исходящих: 0; выраженные признаки основной структурной роли не достигли порога. Граница depth=4: дальнейшие переводы не наблюдаются."
100000003086040100,terminal,0.6175090661831368,0,0.2773986949134586,"Получил 10,500 KZT от 1 контрагентов; исходящих в выборке нет 27 дн."
100000003087877100,terminal,0.6942429737080689,20,0.15212202781516376,"Получил 91,486 KZT от 1 контрагентов; исходящих в выборке нет 20 дн."
100000003089018100,terminal,0.7215775158658204,2,0.18955585464333785,"Получил 230,000 KZT от 1 контрагентов; исходящих в выборке нет 29 дн."
100000003089553100,terminal,0.7093381686310063,2,0.363021135391284,"Получил 150,000 KZT от 1 контрагентов; исходящих в выборке нет 17 дн."
100000003091142100,peripheral,0.49,0,0.19350457198838006,"Входящих: 1, исходящих: 0; выраженные признаки основной структурной роли не достигли порога. Граница depth=4: дальнейшие переводы не наблюдаются."
100000003093299100,terminal,0.6252266545784224,0,0.15812996454109426,"Получил 15,000 KZT от 1 контрагентов; исходящих в выборке нет 9 дн."
100000003095610100,terminal,0.6435856754306437,7,0.12536563481381785,"Получил 23,665 KZT от 1 контрагентов; исходящих в выборке нет 25 дн."
100000003096787100,peripheral,0.49,7,0.17794602555500183,"Входящих: 1, исходящих: 0; выраженные признаки основной структурной роли не достигли порога. Граница depth=4: дальнейшие переводы не наблюдаются."
100000003097324100,terminal,0.6992617536588525,21,0.45103122502606113,"Получил 294,000 KZT от 2 контрагентов; исходящих в выборке нет 5 дн."
100000003097947100,peripheral,0.49,6,0.11898160610139075,"Входящих: 1, исходящих: 0; выраженные признаки основной структурной роли не достигли порога. Граница depth=4: дальнейшие переводы не наблюдаются."
100000003102157100,terminal,0.6959428830462375,0,0.2551996410946613,"Получил 96,746 KZT от 1 контрагентов; исходящих в выборке нет 18 дн."
100000003104347100,peripheral,1.0,23,0.29668327128135646,"Входящих: 1, исходящих: 1; выраженные признаки основной структурной роли не достигли порога."
100000003105089100,peripheral,0.49,22,0.11626514131897712,"Входящих: 1, исходящих: 0; выраженные признаки основной структурной роли не достигли порога. Граница depth=4: дальнейшие переводы не наблюдаются."
100000003105929100,peripheral,1.0,5,0.46836299796918596,"Входящих: 1, исходящих: 1; выраженные признаки основной структурной роли не достигли порога."
100000003109805100,terminal,0.6619446962828649,16,0.1799551368326604,"Получил 36,929 KZT от 1 контрагентов; исходящих в выборке нет 10 дн."
100000003111305100,consolidator,0.9415621078917041,8,0.5717846074201957,"Получает от 4 контрагентов; входящий оборот 509,338 KZT; достижим от 4 seed."
100000003112436100,terminal,0.6978467815049864,4,0.42265310046341165,"Получил 100,000 KZT от 1 контрагентов; исходящих в выборке нет 9 дн."
100000003112578100,terminal,0.699274705349048,9,0.21690071375598885,"Получил 101,080 KZT от 1 контрагентов; исходящих в выборке нет 30 дн."
100000003115284100,consolidator,0.9936529293505924,11,0.8755890832127717,"Получает от 8 контрагентов; входящий оборот 2,160,500 KZT; достижим от 9 seed."
100000003116106100,terminal,0.6955154772697837,5,0.4140485019233611,"Получил 494,050 KZT от 1 контрагентов; исходящих в выборке нет 4 дн."
100000003119550100,terminal,0.5969207356560031,1,0.11237999102736654,"Получил 21,000 KZT от 1 контрагентов; исходящих в выборке нет 4 дн."
100000003122817100,terminal,0.7361967361740707,27,0.22316733961417673,"Получил 444,680 KZT от 1 контрагентов; исходящих в выборке нет 15 дн."
100000003123296100,terminal,0.692067089755213,12,0.1979318079856438,"Получил 86,200 KZT от 1 контрагентов; исходящих в выборке нет 17 дн."
100000003125997100,peripheral,0.49,2,0.15621803499327053,"Входящих: 1, исходящих: 0; выраженные признаки основной структурной роли не достигли порога. Граница depth=4: дальнейшие переводы не наблюдаются."
100000003128638100,peripheral,0.49,2,0.2115253476895469,"Входящих: 1, исходящих: 0; выраженные признаки основной структурной роли не достигли порога. Граница depth=4: дальнейшие переводы не наблюдаются."
100000003131016100,peripheral,0.49,6,0.44512669593890236,"Входящих: 1, исходящих: 1; выраженные признаки основной структурной роли не достигли порога."
100000003131693100,terminal,0.7317769718948323,3,0.4661658864661034,"Получил 353,277 KZT от 1 контрагентов; исходящих в выборке нет 7 дн."
100000003132484100,terminal,0.6933930190389845,2,0.15545984746523106,"Получил 90,000 KZT от 1 контрагентов; исходящих в выборке нет 9 дн."
100000003133045100,peripheral,0.49,2,0.177788245850157,"Входящих: 1, исходящих: 0; выраженные признаки основной структурной роли не достигли порога. Граница depth=4: дальнейшие переводы не наблюдаются."
100000003134474100,terminal,0.7026065276518586,5,0.3310112654944693,"Получил 116,000 KZT от 1 контрагентов; исходящих в выборке нет 13 дн."
100000003134550100,peripheral,0.49,2,0.16573351278600268,"Входящих: 1, исходящих: 0; выраженные признаки основной структурной роли не достигли порога. Граница depth=4: дальнейшие переводы не наблюдаются."
100000003134934100,consolidator,0.914246879838838,0,0.5482578090997203,"Получает от 4 контрагентов; входящий оборот 379,354 KZT; достижим от 3 seed."
100000003134937100,terminal,0.61733907524932,4,0.15430762268375914,"Получил 10,286 KZT от 1 контрагентов; исходящих в выборке нет 10 дн."
100000003146511100,peripheral,0.49,13,0.14340138670349892,"Входящих: 1, исходящих: 0; выраженные признаки основной структурной роли не достигли порога. Граница depth=4: дальнейшие переводы не наблюдаются."
100000003147719100,terminal,0.626418210076415,2,0.15063257065948854,"Получил 100,000 KZT от 1 контрагентов; исходящих в выборке нет 2 дн."
100000003148220100,peripheral,1.0,59,0.3264891983476308,"Входящих: 1, исходящих: 2; выраженные признаки основной структурной роли не достигли порога."
100000003149149100,terminal,0.7236174070716228,5,0.35620193395566263,"Получил 245,000 KZT от 1 контрагентов; исходящих в выборке нет 24 дн."
100000003152964100,peripheral,1.0,6,0.3134576095496382,"Входящих: 1, исходящих: 1; выраженные признаки основной структурной роли не достигли порога."
100000003154105100,distributor,0.8286023054755043,22,0.48134212788975067,"Направляет 338,000 KZT 7 получателям; 9 исходящих операций."
100000003157333100,terminal,0.6120159305789405,8,0.17497981157469716,"Получил 30,000 KZT от 1 контрагентов; исходящих в выборке нет 4 дн."
100000003157679100,consolidator,0.9430353626514502,2,0.5482206195302578,"Получает от 4 контрагентов; входящий оборот 541,000 KZT; достижим от 4 seed."
100000003158727100,consolidator,0.9077112466043061,10,0.5521403271658947,"Получает от 3 контрагентов; входящий оборот 367,940 KZT; достижим от 4 seed."
100000003159641100,consolidator,0.8555920262960559,58,0.6766845932404433,"Получает от 4 контрагентов; входящий оборот 64,000 KZT; достижим от 4 seed."
100000003163256100,transit,0.6293,4,0.30274055749136053,"Вход 13,485 KZT, выход 15,000 KZT; совпадение потока за 1–2 дня: 0%."
100000003163886100,terminal,0.7389845874886672,55,0.2617952853127407,"Получил 500,000 KZT от 1 контрагентов; исходящих в выборке нет 14 дн."
100000003164661100,terminal,0.7417724388032638,29,0.24004037685060564,"Получил 596,200 KZT от 1 контрагентов; исходящих в выборке нет 10 дн."
100000003166017100,peripheral,0.49,7,0.17413938580623556,"Входящих: 1, исходящих: 0; выраженные признаки основной структурной роли не достигли порога. Граница depth=4: дальнейшие переводы не наблюдаются."
100000003166755100,terminal,0.6449456029011785,3,0.17987065543387132,"Получил 24,010 KZT от 1 контрагентов; исходящих в выборке нет 23 дн."
100000003171006100,terminal,0.7237469239735785,2,0.4306478738390184,"Получил 485,000 KZT от 2 контрагентов; исходящих в выборке нет 6 дн."
100000003171587100,peripheral,1.0,5,0.5769125612251559,"Входящих: 2, исходящих: 2; выраженные признаки основной структурной роли не достигли порога."
100000003173783100,peripheral,0.49,30,0.2394078061911171,"Входящих: 1, исходящих: 0; выраженные признаки основной структурной роли не достигли порога. Граница depth=4: дальнейшие переводы не наблюдаются."
100000003177533100,peripheral,0.49,6,0.24581875280394797,"Входящих: 1, исходящих: 0; выраженные признаки основной структурной роли не достигли порога. Граница depth=4: дальнейшие переводы не наблюдаются."
100000003178549100,peripheral,1.0,16,0.4703971877028622,"Входящих: 2, исходящих: 4; выраженные признаки основной структурной роли не достигли порога."
100000003180305100,peripheral,0.49,0,0.34276092902071426,"Входящих: 1, исходящих: 0; выраженные признаки основной структурной роли не достигли порога. Граница depth=4: дальнейшие переводы не наблюдаются."
100000003180820100,peripheral,0.49,2,0.23308734453212165,"Входящих: 1, исходящих: 0; выраженные признаки основной структурной роли не достигли порога. Граница depth=4: дальнейшие переводы не наблюдаются."
100000003186579100,peripheral,0.49,6,0.19066397487662629,"Входящих: 1, исходящих: 0; выраженные признаки основной структурной роли не достигли порога. Граница depth=4: дальнейшие переводы не наблюдаются."
100000003187359100,terminal,0.6344741613780598,1,0.1078959174517721,"Получил 19,072 KZT от 1 контрагентов; исходящих в выборке нет 9 дн."
100000003188607100,peripheral,1.0,10,0.2369953698814609,"Входящих: 1, исходящих: 1; выраженные признаки основной структурной роли не достигли порога."
100000003190207100,peripheral,1.0,19,0.4377249368851825,"Входящих: 1, исходящих: 1; выраженные признаки основной структурной роли не достигли порога."
100000003191430100,terminal,0.7142679057116953,4,0.16679676985195155,"Получил 180,000 KZT от 1 контрагентов; исходящих в выборке нет 23 дн."
100000003192220100,terminal,0.6814936536718041,54,0.2774966352624495,"Получил 60,000 KZT от 1 контрагентов; исходящих в выборке нет 26 дн."
100000003192309100,peripheral,1.0,1,0.2084183224470873,"Входящих: 1, исходящих: 1; выраженные признаки основной структурной роли не достигли порога."
100000003194831100,peripheral,0.49,9,0.04638851502916107,"Входящих: 1, исходящих: 0; выраженные признаки основной структурной роли не достигли порога. Граница depth=4: дальнейшие переводы не наблюдаются."
100000003199390100,peripheral,0.49,5,0.34388699452093857,"Входящих: 1, исходящих: 0; выраженные признаки основной структурной роли не достигли порога. Граница depth=4: дальнейшие переводы не наблюдаются."
100000003200071100,peripheral,1.0,68,0.0570121130551817,"Входящих: 0, исходящих: 1; выраженные признаки основной структурной роли не достигли порога."
100000003204491100,peripheral,1.0,0,0.3206087984235727,"Входящих: 1, исходящих: 1; выраженные признаки основной структурной роли не достигли порога."
100000003205210100,terminal,0.7064143245693563,3,0.43604026959755254,"Получил 137,563 KZT от 1 контрагентов; исходящих в выборке нет 7 дн."
100000003207060100,peripheral,0.49,0,0.20246823282283496,"Входящих: 1, исходящих: 0; выраженные признаки основной структурной роли не достигли порога. Граница depth=4: дальнейшие переводы не наблюдаются."
100000003213473100,distributor,0.8497118155619596,0,0.5007913520913712,"Направляет 240,000 KZT 11 получателям; 12 исходящих операций."
100000003214786100,peripheral,0.49,0,0.15821296140067254,"Входящих: 1, исходящих: 0; выраженные признаки основной структурной роли не достигли порога. Граница depth=4: дальнейшие переводы не наблюдаются."
100000003215448100,peripheral,1.0,6,0.38071624642207846,"Входящих: 1, исходящих: 2; выраженные признаки основной структурной роли не достигли порога."
100000003216073100,peripheral,1.0,20,0.18717114511923943,"Входящих: 1, исходящих: 1; выраженные признаки основной структурной роли не достигли порога."
100000003218308100,terminal,0.6184950135992747,0,0.15368851097447245,"Получил 11,165 KZT от 1 контрагентов; исходящих в выборке нет 11 дн."
100000003219438100,terminal,0.657932910244787,34,0.17520412741139524,"Получил 32,000 KZT от 1 контрагентов; исходящих в выборке нет 7 дн."
100000003220685100,peripheral,0.49,5,0.41062544225534864,"Входящих: 1, исходящих: 0; выраженные признаки основной структурной роли не достигли порога. Граница depth=4: дальнейшие переводы не наблюдаются."
100000003221384100,terminal,0.6825896904546043,15,0.4114868150682692,"Получил 511,200 KZT от 1 контрагентов; исходящих в выборке нет 3 дн."
100000003221510100,peripheral,1.0,0,0.344364091106156,"Входящих: 1, исходящих: 2; выраженные признаки основной структурной роли не достигли порога."
100000003230328100,consolidator,0.7548293821053839,6,0.44556434953500695,"Получает от 3 контрагентов; входящий оборот 26,572 KZT; достижим от 3 seed. Граница depth=4: дальнейшие переводы не наблюдаются."
100000003230329100,peripheral,0.49,2,0.28628160204670217,"Входящих: 1, исходящих: 0; выраженные признаки основной структурной роли не достигли порога. Граница depth=4: дальнейшие переводы не наблюдаются."
100000003232675100,peripheral,0.49,13,0.22877150783405076,"Входящих: 1, исходящих: 0; выраженные признаки основной структурной роли не достигли порога. Граница depth=4: дальнейшие переводы не наблюдаются."
100000003235780100,terminal,0.6838055303717135,0,0.2937333741418121,"Получил 65,000 KZT от 2 контрагентов; исходящих в выборке нет 19 дн."
100000003237045100,peripheral,1.0,4,0.29077613279497533,"Входящих: 1, исходящих: 1; выраженные признаки основной структурной роли не достигли порога."
100000003239379100,terminal,0.6944469628286492,12,0.1667833109017497,"Получил 92,500 KZT от 1 контрагентов; исходящих в выборке нет 19 дн."
100000003239859100,terminal,0.633760199456029,12,0.10386496186630777,"Получил 18,600 KZT от 1 контрагентов; исходящих в выборке нет 17 дн."
100000003241965100,terminal,0.6252266545784224,7,0.10742036787797218,"Получил 15,000 KZT от 1 контрагентов; исходящих в выборке нет 25 дн."
100000003242289100,distributor,0.959077809798271,16,0.7047453705671797,"Направляет 2,377,741 KZT 23 получателям; 26 исходящих операций."
100000003242795100,terminal,0.7016885766092474,5,0.32930197881883,"Получил 111,000 KZT от 1 контрагентов; исходящих в выборке нет 15 дн."
100000003246024100,coordinator,0.5765791219898405,6,0.370149233982986,Betweenness 0.0016; достижим от 2 seed; межкластерный поток 17%.
100000003247600100,peripheral,0.49,3,0.15661283086585912,"Входящих: 1, исходящих: 0; выраженные признаки основной структурной роли не достигли порога. Граница depth=4: дальнейшие переводы не наблюдаются."
100000003249054100,consolidator,0.8761689106638607,3,0.6155935290339918,"Получает от 7 контрагентов; входящий оборот 99,700 KZT; достижим от 3 seed."
100000003252446100,peripheral,0.49,2,0.16931359353970388,"Входящих: 1, исходящих: 0; выраженные признаки основной структурной роли не достигли порога. Граница depth=4: дальнейшие переводы не наблюдаются."
100000003254277100,transit,0.6402012195121951,0,0.3342434735972376,"Вход 49,200 KZT, выход 44,997 KZT; совпадение потока за 1–2 дня: 0%."
100000003254723100,terminal,0.6831401372879161,3,0.5847751282785755,"Получил 269,850 KZT от 1 контрагентов; исходящих в выборке нет 4 дн."
100000003265158100,consolidator,0.8677067135127376,12,0.7149766631815135,"Получает от 3 контрагентов; входящий оборот 146,100 KZT; достижим от 4 seed."
100000003265658100,peripheral,0.2,73,0.0,0 входящих и 0 исходящих связей; seed; данных для выраженной структурной роли недостаточно.
100000003270419100,terminal,0.7093381686310063,13,0.24154853789237285,"Получил 150,000 KZT от 1 контрагентов; исходящих в выборке нет 12 дн."
100000003271151100,terminal,0.7046464188576609,6,0.1813728129205922,"Получил 127,294 KZT от 1 контрагентов; исходящих в выборке нет 13 дн."
100000003275398100,peripheral,1.0,25,0.2752983400628084,"Входящих: 1, исходящих: 1; выраженные признаки основной структурной роли не достигли порога."
100000003278020100,terminal,0.7160698096101541,0,0.14583221175414984,"Получил 190,000 KZT от 1 контрагентов; исходящих в выборке нет 13 дн."
100000003284932100,terminal,0.6852674524025385,3,0.46114569804080063,"Получил 69,925 KZT от 1 контрагентов; исходящих в выборке нет 13 дн."
100000003286537100,terminal,0.6531132625307602,2,0.41309740277576135,"Получил 153,000 KZT от 2 контрагентов; исходящих в выборке нет 3 дн."
100000003289281100,peripheral,0.49,0,0.14194706146253927,"Входящих: 1, исходящих: 0; выраженные признаки основной структурной роли не достигли порога. Граница depth=4: дальнейшие переводы не наблюдаются."
100000003289405100,terminal,0.731844968268359,3,0.2106325706594886,"Получил 355,000 KZT от 1 контрагентов; исходящих в выборке нет 7 дн."
100000003292191100,peripheral,0.49,21,0.1695244504262001,"Входящих: 1, исходящих: 0; выраженные признаки основной структурной роли не достигли порога."
100000003292979100,terminal,0.6721441523118766,3,0.3715539528635911,"Получил 48,950 KZT от 1 контрагентов; исходящих в выборке нет 13 дн."
100000003293377100,terminal,0.6743200362647325,5,0.304416379895546,"Получил 50,000 KZT от 1 контрагентов; исходящих в выборке нет 26 дн."
100000003299365100,transit,0.7,3,0.5457890358604507,"Вход 200,000 KZT, выход 200,000 KZT; совпадение потока за 1–2 дня: 0%."
100000003321423100,peripheral,0.49,33,0.4520519340210608,"Входящих: 1, исходящих: 0; выраженные признаки основной структурной роли не достигли порога."
100000003321895100,peripheral,1.0,62,0.4001720088378452,"Входящих: 1, исходящих: 2; выраженные признаки основной структурной роли не достигли порога."
100000003336565100,terminal,0.6292384406165005,1,0.11020637056976224,"Получил 16,550 KZT от 1 контрагентов; исходящих в выборке нет 22 дн."
100000003338583100,terminal,0.597736692138324,25,0.16349932705248993,"Получил 21,765 KZT от 1 контрагентов; исходящих в выборке нет 4 дн."
100000003345947100,peripheral,0.49,6,0.3057065948855989,"Входящих: 1, исходящих: 0; выраженные признаки основной структурной роли не достигли порога. Граница depth=4: дальнейшие переводы не наблюдаются."
100000003349739100,peripheral,0.2,74,0.0,0 входящих и 0 исходящих связей; seed; данных для выраженной структурной роли недостаточно.
100000003360542100,peripheral,1.0,11,0.6981422828578742,"Входящих: 2, исходящих: 2; выраженные признаки основной структурной роли не достигли порога."
100000003366154100,peripheral,1.0,3,0.6583221009135413,"Входящих: 1, исходящих: 3; выраженные признаки основной структурной роли не достигли порога."
100000003366471100,peripheral,1.0,6,0.45577788908753947,"Входящих: 2, исходящих: 1; выраженные признаки основной структурной роли не достигли порога."
100000003370425100,peripheral,0.49,13,0.37926593132927083,"Входящих: 1, исходящих: 0; выраженные признаки основной структурной роли не достигли порога. Граница depth=4: дальнейшие переводы не наблюдаются."
100000003377795100,terminal,0.6079895738893926,10,0.08102736653207718,"Получил 7,000 KZT от 1 контрагентов; исходящих в выборке нет 23 дн."
100000003390036100,peripheral,1.0,11,0.7258985942275205,"Входящих: 2, исходящих: 2; выраженные признаки основной структурной роли не достигли порога."
100000003404627100,consolidator,0.9616912411926444,40,0.6034663996436201,"Получает от 4 контрагентов; входящий оборот 877,700 KZT; достижим от 5 seed."
100000003406094100,peripheral,0.49,4,0.4975818553714934,"Входящих: 1, исходящих: 3; выраженные признаки основной структурной роли не достигли порога."
100000003447411100,peripheral,0.49,6,0.28980708838043967,"Входящих: 1, исходящих: 0; выраженные признаки основной структурной роли не достигли порога. Граница depth=4: дальнейшие переводы не наблюдаются."
100000003448713100,peripheral,0.49,6,0.18981606101390758,"Входящих: 1, исходящих: 0; выраженные признаки основной структурной роли не достигли порога. Граница depth=4: дальнейшие переводы не наблюдаются."
100000003449074100,terminal,0.614687216681777,0,0.08818304172274563,"Получил 10,000 KZT от 1 контрагентов; исходящих в выборке нет 29 дн."
100000003457710100,peripheral,1.0,5,0.5215931460176382,"Входящих: 1, исходящих: 1; выраженные признаки основной структурной роли не достигли порога."
100000003470579100,peripheral,0.49,27,0.21900403768506058,"Входящих: 1, исходящих: 0; выраженные признаки основной структурной роли не достигли порога. Граница depth=4: дальнейшие переводы не наблюдаются."
100000003476560100,terminal,0.6743200362647325,3,0.44869616910405774,"Получил 50,000 KZT от 1 контрагентов; исходящих в выборке нет 16 дн."
100000003481025100,peripheral,0.49,0,0.1036877523553163,"Входящих: 1, исходящих: 0; выраженные признаки основной структурной роли не достигли порога. Граница depth=4: дальнейшие переводы не наблюдаются."
100000003484058100,peripheral,1.0,14,0.2608017100431331,"Входящих: 1, исходящих: 1; выраженные признаки основной структурной роли не достигли порога."
100000003486846100,peripheral,0.49,4,0.26078959174517724,"Входящих: 1, исходящих: 0; выраженные признаки основной структурной роли не достигли порога. Граница depth=4: дальнейшие переводы не наблюдаются."
100000003486970100,terminal,0.7093381686310063,5,0.3387546481772867,"Получил 150,000 KZT от 1 контрагентов; исходящих в выборке нет 20 дн."
100000003497735100,terminal,0.6756330138583084,17,0.17805742485419473,"Получил 125,000 KZT от 1 контрагентов; исходящих в выборке нет 5 дн."
100000003500764100,peripheral,0.49,16,0.30127147186503905,"Входящих: 1, исходящих: 0; выраженные признаки основной структурной роли не достигли порога. Граница depth=4: дальнейшие переводы не наблюдаются."
100000003509750100,transit,0.813848485073942,8,0.41514291473694753,"Вход 82,290 KZT, выход 78,400 KZT; совпадение потока за 1–2 дня: 49%."
100000003528285100,consolidator,0.8411776819279374,3,0.5391998992564054,"Получает от 4 контрагентов; входящий оборот 118,870 KZT; достижим от 2 seed."
100000003557488100,peripheral,1.0,31,0.4171852818852416,"Входящих: 1, исходящих: 2; выраженные признаки основной структурной роли не достигли порога."
100000003561031100,peripheral,1.0,6,0.2293660886882654,"Входящих: 1, исходящих: 1; выраженные признаки основной структурной роли не достигли порога."
100000003567087100,terminal,0.6825475974614686,1,0.20551816958277255,"Получил 62,115 KZT от 1 контрагентов; исходящих в выборке нет 25 дн."
100000003568904100,peripheral,0.49,13,0.2065956442180794,"Входящих: 1, исходящих: 0; выраженные признаки основной структурной роли не достигли порога. Граница depth=4: дальнейшие переводы не наблюдаются."
100000003574895100,peripheral,1.0,0,0.3150599832428186,"Входящих: 1, исходящих: 1; выраженные признаки основной структурной роли не достигли порога."
100000003581109100,terminal,0.666704442429737,0,0.186878282172319,"Получил 42,750 KZT от 1 контрагентов; исходящих в выборке нет 24 дн."
100000003582677100,peripheral,1.0,3,0.4189765836440965,"Входящих: 2, исходящих: 4; выраженные признаки основной структурной роли не достигли порога."
100000003589877100,distributor,0.7994236311239192,2,0.509293822143085,"Направляет 416,129 KZT 6 получателям; 6 исходящих операций."
100000003594472100,terminal,0.579745175495402,31,0.12163301929116196,"Получил 20,000 KZT от 1 контрагентов; исходящих в выборке нет 3 дн."
100000003603979100,terminal,0.7120920217588395,25,0.2182817406908928,"Получил 165,000 KZT от 1 контрагентов; исходящих в выборке нет 19 дн."
100000003610172100,terminal,0.6857774252039891,5,0.31364024710057065,"Получил 70,000 KZT от 1 контрагентов; исходящих в выборке нет 25 дн."
100000003616818100,consolidator,0.7440024393724782,25,0.3635747181447171,"Получает от 3 контрагентов; входящий оборот 78,000 KZT; достижим от 1 seed."
100000003617552100,terminal,0.6468834995466908,29,0.1278959174517721,"Получил 25,000 KZT от 1 контрагентов; исходящих в выборке нет 9 дн."
100000003622955100,peripheral,0.49,11,0.19320398876720463,"Входящих: 1, исходящих: 0; выраженные признаки основной структурной роли не достигли порога. Граница depth=4: дальнейшие переводы не наблюдаются."
100000003626268100,peripheral,0.49,6,0.09916554508748318,"Входящих: 1, исходящих: 0; выраженные признаки основной структурной роли не достигли порога. Граница depth=4: дальнейшие переводы не наблюдаются."
100000003631015100,peripheral,0.49,41,0.2679729434554056,"Входящих: 1, исходящих: 0; выраженные признаки основной структурной роли не достигли порога. Граница depth=4: дальнейшие переводы не наблюдаются."
100000003632533100,peripheral,0.49,5,0.2806478738390184,"Входящих: 1, исходящих: 0; выраженные признаки основной структурной роли не достигли порога. Граница depth=4: дальнейшие переводы не наблюдаются."
100000003635170100,consolidator,0.9236359374755093,33,0.8048037815448176,"Получает от 3 контрагентов; входящий оборот 268,500 KZT; достижим от 5 seed."
100000003635660100,terminal,0.6339981867633726,0,0.1774390717640642,"Получил 18,985 KZT от 1 контрагентов; исходящих в выборке нет 28 дн."
100000003636627100,peripheral,0.49,8,0.33199641094661286,"Входящих: 1, исходящих: 1; выраженные признаки основной структурной роли не достигли порога."
100000003646145100,peripheral,0.49,32,0.10804845222072679,"Входящих: 1, исходящих: 0; выраженные признаки основной структурной роли не достигли порога. Граница depth=4: дальнейшие переводы не наблюдаются."
100000003647799100,terminal,0.6978467815049864,5,0.32576900439083534,"Получил 100,000 KZT от 1 контрагентов; исходящих в выборке нет 28 дн."
100000003650146100,terminal,0.6235267452402539,4,0.18897787840381297,"Получил 14,400 KZT от 1 контрагентов; исходящих в выборке нет 29 дн."
100000003664994100,peripheral,0.49,42,0.20192462987886944,"Входящих: 1, исходящих: 0; выраженные признаки основной структурной роли не достигли порога. Граница depth=4: дальнейшие переводы не наблюдаются."
100000003671721100,terminal,0.6019378966455122,7,0.10441453566621803,"Получил 5,000 KZT от 1 контрагентов; исходящих в выборке нет 15 дн."
100000003677936100,peripheral,1.0,10,0.30974742561065216,"Входящих: 1, исходящих: 1; выраженные признаки основной структурной роли не достигли порога."
100000003684369100,consolidator,0.9975556675193884,3,0.8362306254060792,"Получает от 24 контрагентов; входящий оборот 3,848,436 KZT; достижим от 6 seed."
100000003692843100,peripheral,0.49,62,0.2185240017945267,"Входящих: 1, исходящих: 0; выраженные признаки основной структурной роли не достигли порога. Граница depth=4: дальнейшие переводы не наблюдаются."
100000003696422100,peripheral,0.49,31,0.20353521758636156,"Входящих: 1, исходящих: 0; выраженные признаки основной структурной роли не достигли порога. Граница depth=4: дальнейшие переводы не наблюдаются."
100000003701161100,consolidator,0.9525968345079224,23,0.7684592745749372,"Получает от 4 контрагентов; входящий оборот 1,527,103 KZT; достижим от 3 seed."
100000003711830100,peripheral,0.49,6,0.1964804845222073,"Входящих: 1, исходящих: 0; выраженные признаки основной структурной роли не достигли порога."
100000003713616100,terminal,0.6278105167724388,4,0.2120240874661728,"Получил 15,893 KZT от 1 контрагентов; исходящих в выборке нет 22 дн."
100000003718221100,peripheral,1.0,23,0.5446562965174951,"Входящих: 2, исходящих: 4; выраженные признаки основной структурной роли не достигли порога."
100000003718715100,peripheral,0.49,13,0.34280394795872593,"Входящих: 1, исходящих: 0; выраженные признаки основной структурной роли не достигли порога. Граница depth=4: дальнейшие переводы не наблюдаются."
100000003724440100,terminal,0.6743200362647325,3,0.5263587980856638,"Получил 50,000 KZT от 2 контрагентов; исходящих в выборке нет 18 дн."
100000003736419100,peripheral,1.0,0,0.32243100163671723,"Входящих: 1, исходящих: 1; выраженные признаки основной структурной роли не достигли порога."
100000003739818100,terminal,0.6803717135086128,3,0.40480653249571313,"Получил 57,293 KZT от 1 контрагентов; исходящих в выборке нет 10 дн."
100000003741418100,consolidator,0.9017015489231536,5,0.6478903266945574,"Получает от 9 контрагентов; входящий оборот 151,900 KZT; достижим от 3 seed."
100000003747133100,consolidator,0.9122296540908779,47,0.6668631399722296,"Получает от 5 контрагентов; входящий оборот 237,068 KZT; достижим от 3 seed."
100000003760160100,terminal,0.699818676337262,5,0.3277362542786774,"Получил 104,470 KZT от 1 контрагентов; исходящих в выборке нет 13 дн."
100000003770083100,peripheral,0.2,75,0.0,0 входящих и 0 исходящих связей; seed; данных для выраженной структурной роли недостаточно.
100000003781406100,terminal,0.6684383499546691,12,0.34862345938183004,"Получил 45,000 KZT от 1 контрагентов; исходящих в выборке нет 19 дн."
100000003782913100,peripheral,0.49,14,0.17985195154777928,"Входящих: 1, исходящих: 0; выраженные признаки основной структурной роли не достигли порога. Граница depth=4: дальнейшие переводы не наблюдаются."
100000003786516100,peripheral,0.49,0,0.2816842130045635,"Входящих: 1, исходящих: 0; выраженные признаки основной структурной роли не достигли порога. Граница depth=4: дальнейшие переводы не наблюдаются."
100000003792647100,peripheral,0.49,5,0.27588340546755136,"Входящих: 1, исходящих: 0; выраженные признаки основной структурной роли не достигли порога. Граница depth=4: дальнейшие переводы не наблюдаются."
100000003795588100,terminal,0.734394832275612,0,0.2920592193808883,"Получил 400,000 KZT от 1 контрагентов; исходящих в выборке нет 13 дн."
100000003796063100,distributor,0.9255763688760807,5,0.5480722133816537,"Направляет 959,150 KZT 15 получателям; 23 исходящих операций."
100000003798151100,terminal,0.731470988213962,4,0.2306325706594886,"Получил 350,000 KZT от 1 контрагентов; исходящих в выборке нет 10 дн."
100000003809101100,peripheral,1.0,11,0.7439572811168974,"Входящих: 2, исходящих: 2; выраженные признаки основной структурной роли не достигли порога."
100000003814002100,terminal,0.6548730734360834,5,0.2908901349426523,"Получил 30,000 KZT от 1 контрагентов; исходящих в выборке нет 21 дн."
100000003819173100,peripheral,0.49,6,0.16687752355316288,"Входящих: 1, исходящих: 0; выраженные признаки основной структурной роли не достигли порога. Граница depth=4: дальнейшие переводы не наблюдаются."
100000003823811100,peripheral,1.0,19,0.605210080078186,"Входящих: 1, исходящих: 3; выраженные признаки основной структурной роли не достигли порога."
100000003824464100,terminal,0.7182116953762466,23,0.19674966352624496,"Получил 200,000 KZT от 1 контрагентов; исходящих в выборке нет 28 дн."
100000003831201100,terminal,0.665514505893019,0,0.34958801747963175,"Получил 40,500 KZT от 1 контрагентов; исходящих в выборке нет 23 дн."
100000003831324100,terminal,0.7285131459655485,10,0.4360135086528362,"Получил 300,000 KZT от 2 контрагентов; исходящих в выборке нет 8 дн."
100000003832231100,terminal,0.6604487760652765,3,0.38421433868683025,"Получил 35,000 KZT от 1 контрагентов; исходящих в выборке нет 15 дн."
100000003834495100,consolidator,0.8909170291627516,0,0.5447570033248905,"Получает от 3 контрагентов; входящий оборот 602,441 KZT; достижим от 2 seed."
100000003835149100,peripheral,1.0,24,0.3830224967438628,"Входящих: 1, исходящих: 2; выраженные признаки основной структурной роли не достигли порога."
100000003838587100,peripheral,0.49,14,0.10588156123822341,"Входящих: 1, исходящих: 0; выраженные признаки основной структурной роли не достигли порога. Граница depth=4: дальнейшие переводы не наблюдаются."
100000003843844100,peripheral,1.0,13,0.43020238783011017,"Входящих: 1, исходящих: 1; выраженные признаки основной структурной роли не достигли порога."
100000003854444100,distributor,0.9242795389048991,17,0.5109288745252839,"Направляет 2,322,909 KZT 14 получателям; 14 исходящих операций."
100000003865939100,terminal,0.618938608988473,69,0.14946164199192463,"Получил 81,465 KZT от 1 контрагентов; исходящих в выборке нет 2 дн."
100000003873332100,peripheral,1.0,17,0.4264766989686297,"Входящих: 1, исходящих: 4; выраженные признаки основной структурной роли не достигли порога."
100000003877908100,terminal,0.6360931226525062,3,0.3890887218182793,"Получил 40,000 KZT от 1 контрагентов; исходящих в выборке нет 5 дн."
100000003880331100,distributor,0.9566282420749279,6,0.4975818052865959,"Направляет 3,904,908 KZT 16 получателям; 31 исходящих операций."
100000003886323100,peripheral,1.0,4,0.40844715237695944,"Входящих: 2, исходящих: 1; выраженные признаки основной структурной роли не достигли порога."
100000003888197100,terminal,0.6910471441523118,5,0.31841368810550563,"Получил 83,167 KZT от 1 контрагентов; исходящих в выборке нет 22 дн."
100000003888271100,peripheral,1.0,44,0.2671400620889687,"Входящих: 1, исходящих: 2; выраженные признаки основной структурной роли не достигли порога."
100000003888527100,terminal,0.6548730734360834,42,0.2157200538358008,"Получил 30,000 KZT от 1 контрагентов; исходящих в выборке нет 17 дн."
100000003896956100,peripheral,1.0,4,0.3629225025589045,"Входящих: 1, исходящих: 1; выраженные признаки основной структурной роли не достигли порога."
100000003899325100,terminal,0.6756119673617407,6,0.14858681022880216,"Получил 50,120 KZT от 1 контрагентов; исходящих в выборке нет 21 дн."
100000003899899100,peripheral,1.0,4,0.5594740807629115,"Входящих: 2, исходящих: 1; выраженные признаки основной структурной роли не достигли порога."
100000003900547100,terminal,0.6439256572982774,4,0.17371542887487623,"Получил 23,700 KZT от 1 контрагентов; исходящих в выборке нет 15 дн."
100000003904497100,peripheral,0.49,2,0.1544646437694478,"Входящих: 1, исходящих: 0; выраженные признаки основной структурной роли не достигли порога. Граница depth=4: дальнейшие переводы не наблюдаются."
100000003917461100,peripheral,0.49,12,0.4134638169090681,"Входящих: 1, исходящих: 2; выраженные признаки основной структурной роли не достигли порога."
100000003920950100,terminal,0.7298730734360833,10,0.2173351278600269,"Получил 323,290 KZT от 1 контрагентов; исходящих в выборке нет 16 дн."
100000003922499100,terminal,0.6743200362647325,12,0.14232839838492595,"Получил 50,000 KZT от 1 контрагентов; исходящих в выборке нет 27 дн."
100000003923946100,peripheral,1.0,8,0.4476655021863347,"Входящих: 1, исходящих: 4; выраженные признаки основной структурной роли не достигли порога."
100000003927792100,peripheral,0.49,15,0.2828641143055954,"Входящих: 1, исходящих: 0; выраженные признаки основной структурной роли не достигли порога."
100000003934614100,peripheral,1.0,34,0.3044386866192974,"Входящих: 2, исходящих: 1; выраженные признаки основной структурной роли не достигли порога."
100000003942602100,transit,0.7,1,0.22740915208613727,"Вход 30,000 KZT, выход 30,000 KZT; совпадение потока за 1–2 дня: 0%."
100000003943247100,terminal,0.6646645512239348,0,0.18536190711624007,"Получил 40,000 KZT от 1 контрагентов; исходящих в выборке нет 25 дн."
100000003943483100,terminal,0.614687216681777,12,0.2511941188703899,"Получил 10,000 KZT от 1 контрагентов; исходящих в выборке нет 25 дн."
100000003946524100,transit,0.6468386873920552,3,0.6736748497374746,"Вход 133,757 KZT, выход 144,750 KZT; совпадение потока за 1–2 дня: 0%."
100000003950749100,peripheral,0.49,4,0.1911888739344998,"Входящих: 1, исходящих: 0; выраженные признаки основной структурной роли не достигли порога. Граница depth=4: дальнейшие переводы не наблюдаются."
100000003951827100,peripheral,1.0,0,0.2690266189195049,"Входящих: 1, исходящих: 2; выраженные признаки основной структурной роли не достигли порога."
100000003962994100,peripheral,0.49,38,0.10189771197846567,"Входящих: 1, исходящих: 0; выраженные признаки основной структурной роли не достигли порога."
100000003964910100,terminal,0.7459542157751586,16,0.2934634365186182,"Получил 1,000,000 KZT от 2 контрагентов; исходящих в выборке нет 29 дн."
100000003968044100,peripheral,1.0,6,0.47086743527590014,"Входящих: 1, исходящих: 3; выраженные признаки основной структурной роли не достигли порога."
100000003970394100,terminal,0.6916591115140526,12,0.16292507851054283,"Получил 85,000 KZT от 1 контрагентов; исходящих в выборке нет 18 дн."
100000003971049100,peripheral,0.49,0,0.2744960479865855,"Входящих: 1, исходящих: 0; выраженные признаки основной структурной роли не достигли порога."
100000003975102100,peripheral,1.0,4,0.334239038392904,"Входящих: 1, исходящих: 2; выраженные признаки основной структурной роли не достигли порога."
100000003977183100,peripheral,1.0,8,0.36070500437206,"Входящих: 2, исходящих: 4; выраженные признаки основной структурной роли не достигли порога."
100000003980083100,terminal,0.6548730734360834,68,0.12759084791386271,"Получил 30,000 KZT от 1 контрагентов; исходящих в выборке нет 10 дн."
100000003985389100,peripheral,0.49,6,0.5284720102230471,"Входящих: 1, исходящих: 0; выраженные признаки основной структурной роли не достигли порога. Граница depth=4: дальнейшие переводы не наблюдаются."
100000003986141100,terminal,0.6042837715321849,16,0.08131000448631674,"Получил 5,286 KZT от 1 контрагентов; исходящих в выборке нет 23 дн."
100000003988112100,peripheral,1.0,19,0.5577970999493818,"Входящих: 1, исходящих: 1; выраженные признаки основной структурной роли не достигли порога."
100000003989033100,peripheral,0.49,9,0.253485868102288,"Входящих: 1, исходящих: 0; выраженные признаки основной структурной роли не достигли порога. Граница depth=4: дальнейшие переводы не наблюдаются."
100000003996562100,terminal,0.6089755213055303,0,0.13152086137281294,"Получил 7,700 KZT от 1 контрагентов; исходящих в выборке нет 30 дн."
100000004004621100,consolidator,0.8434101160949912,13,0.5914705674355953,"Получает от 3 контрагентов; входящий оборот 75,389 KZT; достижим от 7 seed."
100000004005964100,consolidator,0.7662259207868027,25,0.34571969557956744,"Получает от 3 контрагентов; входящий оборот 97,900 KZT; достижим от 1 seed."
100000004006327100,peripheral,0.49,2,0.22694930462090623,"Входящих: 1, исходящих: 0; выраженные признаки основной структурной роли не достигли порога. Граница depth=4: дальнейшие переводы не наблюдаются."
100000004007116100,consolidator,0.810312783318223,25,0.37485255072196744,"Получает от 3 контрагентов; входящий оборот 764,704 KZT; достижим от 0 seed."
100000004007197100,terminal,0.5457065147001684,25,0.09046209062359803,"Получил 10,048 KZT от 1 контрагентов; исходящих в выборке нет 2 дн."
100000004013952100,peripheral,0.49,0,0.10152534768954687,"Входящих: 1, исходящих: 0; выраженные признаки основной структурной роли не достигли порога. Граница depth=4: дальнейшие переводы не наблюдаются."
100000004015047100,consolidator,0.9890834884923821,8,0.8044430997301875,"Получает от 9 контрагентов; входящий оборот 919,104 KZT; достижим от 8 seed."
100000004017410100,distributor,0.8481268011527378,34,0.46658444498869434,"Направляет 1,330,915 KZT 5 получателям; 11 исходящих операций."
100000004019056100,peripheral,0.49,13,0.21019815655545043,"Входящих: 1, исходящих: 0; выраженные признаки основной структурной роли не достигли порога. Граница depth=4: дальнейшие переводы не наблюдаются."
100000004019124100,consolidator,0.8881644959523906,4,0.5609035938928542,"Получает от 3 контрагентов; входящий оборот 193,000 KZT; достижим от 5 seed."
100000004021459100,peripheral,0.2,76,0.0,0 входящих и 0 исходящих связей; seed; данных для выраженной структурной роли недостаточно.
100000004030553100,peripheral,0.49,20,0.14783759533423058,"Входящих: 1, исходящих: 0; выраженные признаки основной структурной роли не достигли порога. Граница depth=4: дальнейшие переводы не наблюдаются."
100000004035925100,peripheral,0.49,64,0.22130551816958277,"Входящих: 1, исходящих: 0; выраженные признаки основной структурной роли не достигли порога. Граница depth=4: дальнейшие переводы не наблюдаются."
100000004041163100,peripheral,1.0,19,0.7376597802620811,"Входящих: 1, исходящих: 2; выраженные признаки основной структурной роли не достигли порога."
100000004041294100,peripheral,0.49,26,0.16282189322566176,"Входящих: 1, исходящих: 0; выраженные признаки основной структурной роли не достигли порога. Граница depth=4: дальнейшие переводы не наблюдаются."
100000004047887100,peripheral,0.49,39,0.29472593575018935,"Входящих: 1, исходящих: 0; выраженные признаки основной структурной роли не достигли порога. Граница depth=4: дальнейшие переводы не наблюдаются."
100000004049912100,peripheral,0.49,17,0.08344549125168238,"Входящих: 1, исходящих: 0; выраженные признаки основной структурной роли не достигли порога. Граница depth=4: дальнейшие переводы не наблюдаются."
100000004058740100,terminal,0.6548730734360834,1,0.12633243606998656,"Получил 30,000 KZT от 1 контрагентов; исходящих в выборке нет 23 дн."
100000004064431100,peripheral,1.0,25,0.3249801860585648,"Входящих: 1, исходящих: 1; выраженные признаки основной структурной роли не достигли порога."
100000004066370100,peripheral,0.49,37,0.18776132794975325,"Входящих: 1, исходящих: 0; выраженные признаки основной структурной роли не достигли порога. Граница depth=4: дальнейшие переводы не наблюдаются."
100000004066647100,terminal,0.6762919310970081,17,0.1450112157918349,"Получил 51,000 KZT от 1 контрагентов; исходящих в выборке нет 12 дн."
100000004070318100,distributor,0.9304755043227666,0,0.6057006868908467,"Направляет 551,860 KZT 19 получателям; 37 исходящих операций."
100000004070530100,peripheral,0.49,39,0.2818905835743257,"Входящих: 1, исходящих: 0; выраженные признаки основной структурной роли не достигли порога. Граница depth=4: дальнейшие переводы не наблюдаются."
100000004071070100,peripheral,1.0,0,0.47810753295742436,"Входящих: 2, исходящих: 1; выраженные признаки основной структурной роли не достигли порога."
100000004071080100,consolidator,0.8970367027801586,0,0.6136459211101779,"Получает от 9 контрагентов; входящий оборот 238,600 KZT; достижим от 2 seed."
100000004071444100,peripheral,1.0,0,0.2739241864899702,"Входящих: 1, исходящих: 1; выраженные признаки основной структурной роли не достигли порога."
100000004076740100,distributor,0.7912103746397694,34,0.5126756063362886,"Направляет 125,000 KZT 6 получателям; 10 исходящих операций."
100000004077081100,peripheral,1.0,3,0.6316349755765155,"Входящих: 1, исходящих: 4; выраженные признаки основной структурной роли не достигли порога."
100000004094958100,transit,0.6825,49,0.17577347770435398,"Вход 39,000 KZT, выход 40,000 KZT; совпадение потока за 1–2 дня: 0%."
100000004096559100,terminal,0.640920865172905,10,0.15137729923732618,"Получил 46,200 KZT от 1 контрагентов; исходящих в выборке нет 5 дн."
100000004097972100,peripheral,1.0,0,0.37939325216492675,"Входящих: 1, исходящих: 2; выраженные признаки основной структурной роли не достигли порога."
100000004099450100,terminal,0.6425252557958814,0,0.18619560340960073,"Получил 31,000 KZT от 1 контрагентов; исходящих в выборке нет 6 дн."
100000004105288100,terminal,0.720081595648232,3,0.5530991408470759,"Получил 215,000 KZT от 2 контрагентов; исходящих в выборке нет 12 дн."
100000004107228100,peripheral,0.49,3,0.10332063300228764,"Входящих: 1, исходящих: 0; выраженные признаки основной структурной роли не достигли порога. Граница depth=4: дальнейшие переводы не наблюдаются."
100000004114962100,terminal,0.7120920217588395,5,0.5006360462767198,"Получил 165,000 KZT от 2 контрагентов; исходящих в выборке нет 24 дн."
100000004130144100,terminal,0.7182116953762466,10,0.17696500672947513,"Получил 200,000 KZT от 1 контрагентов; исходящих в выборке нет 9 дн."
100000004134060100,terminal,0.6926790571169538,20,0.4339631049497284,"Получил 88,179 KZT от 1 контрагентов; исходящих в выборке нет 7 дн."
100000004135268100,transit,0.677562250261812,52,0.4246897369099958,"Вход 1,239,000 KZT, выход 1,000,200 KZT; совпадение потока за 1–2 дня: 37%."
100000004140487100,distributor,0.8677953890489913,3,0.4517284201864129,"Направляет 262,600 KZT 10 получателям; 19 исходящих операций."
100000004140994100,terminal,0.633862194016319,1,0.10302377747869002,"Получил 18,650 KZT от 1 контрагентов; исходящих в выборке нет 16 дн."
100000004144536100,consolidator,0.8040205717387521,25,0.33764468371467027,"Получает от 4 контрагентов; входящий оборот 168,000 KZT; достижим от 1 seed."
100000004150593100,distributor,0.9018731988472622,4,0.6491399835891863,"Направляет 871,165 KZT 11 получателям; 16 исходящих операций."
100000004156082100,distributor,0.9623919308357348,15,0.7977049641008002,"Направляет 2,319,556 KZT 26 получателям; 29 исходящих операций."
100000004158362100,terminal,0.6192429737080689,0,0.171535078942171,"Получил 12,000 KZT от 1 контрагентов; исходящих в выборке нет 29 дн."
100000004159526100,consolidator,0.9031408054961364,14,0.6966655934491247,"Получает от 4 контрагентов; входящий оборот 275,037 KZT; достижим от 3 seed."
100000004160650100,distributor,0.9305475504322765,25,0.38643091242736743,"Направляет 1,489,827 KZT 10 получателям; 40 исходящих операций."
100000004167082100,peripheral,0.49,13,0.1652632081480929,"Входящих: 1, исходящих: 0; выраженные признаки основной структурной роли не достигли порога. Граница depth=4: дальнейшие переводы не наблюдаются."
100000004174835100,peripheral,0.2,77,0.0,0 входящих и 0 исходящих связей; seed; данных для выраженной структурной роли недостаточно.
100000004177936100,peripheral,0.49,6,0.08659488559892328,"Входящих: 1, исходящих: 0; выраженные признаки основной структурной роли не достигли порога. Граница depth=4: дальнейшие переводы не наблюдаются."
100000004180097100,consolidator,0.7650926478946903,0,0.48629872117455086,"Получает от 3 контрагентов; входящий оборот 104,854 KZT; достижим от 1 seed."
100000004183610100,peripheral,1.0,13,0.4509143868495722,"Входящих: 1, исходящих: 1; выраженные признаки основной структурной роли не достигли порога."
100000004184158100,terminal,0.7192656391659111,0,0.23562584118438762,"Получил 203,805 KZT от 1 контрагентов; исходящих в выборке нет 7 дн."
100000004185681100,terminal,0.614687216681777,3,0.10710632570659487,"Получил 10,000 KZT от 1 контрагентов; исходящих в выборке нет 17 дн."
100000004186824100,peripheral,1.0,4,0.4232239113089614,"Входящих: 2, исходящих: 1; выраженные признаки основной структурной роли не достигли порога."
100000004188160100,distributor,0.7459654178674351,4,0.6508151362368224,"Направляет 133,846 KZT 5 получателям; 6 исходящих операций."
100000004192107100,terminal,0.5754549281181194,3,0.20082624089820506,"Получил 25,000 KZT от 1 контрагентов; исходящих в выборке нет 2 дн."
100000004192865100,terminal,0.6845194922937443,29,0.15210408254822794,"Получил 66,666 KZT от 1 контрагентов; исходящих в выборке нет 30 дн."
100000004193835100,peripheral,1.0,4,0.43962188511950956,"Входящих: 1, исходящих: 1; выраженные признаки основной структурной роли не достигли порога."
100000004200745100,peripheral,0.49,12,0.2868872548057869,"Входящих: 1, исходящих: 0; выраженные признаки основной структурной роли не достигли порога. Граница depth=4: дальнейшие переводы не наблюдаются."
100000004206046100,terminal,0.6184270172257479,4,0.20509721442893636,"Получил 11,075 KZT от 1 контрагентов; исходящих в выборке нет 26 дн."
100000004209339100,peripheral,1.0,33,0.688639758973961,"Входящих: 1, исходящих: 2; выраженные признаки основной структурной роли не достигли порога."
100000004213658100,terminal,0.6482774252039891,1,0.11973082099596231,"Получил 25,347 KZT от 1 контрагентов; исходящих в выборке нет 16 дн."
100000004217419100,peripheral,1.0,6,0.5491129952731643,"Входящих: 2, исходящих: 1; выраженные признаки основной структурной роли не достигли порога."
100000004218576100,terminal,0.6493313689936536,1,0.12071108120233288,"Получил 26,144 KZT от 1 контрагентов; исходящих в выборке нет 18 дн."
100000004221668100,consolidator,0.8645600096353975,8,0.4155383297860078,"Получает от 4 контрагентов; входящий оборот 1,128,300 KZT; достижим от 1 seed."
100000004222274100,peripheral,0.49,0,0.11563032750112157,"Входящих: 1, исходящих: 0; выраженные признаки основной структурной роли не достигли порога. Граница depth=4: дальнейшие переводы не наблюдаются."
100000004225615100,terminal,0.6933930190389845,2,0.1902153432032302,"Получил 90,000 KZT от 1 контрагентов; исходящих в выборке нет 29 дн."
100000004226848100,terminal,0.6719142598109052,3,0.512267277224291,"Получил 301,866 KZT от 1 контрагентов; исходящих в выборке нет 3 дн."
100000004232712100,peripheral,0.49,5,0.2896967746914186,"Входящих: 1, исходящих: 0; выраженные признаки основной структурной роли не достигли порога. Граница depth=4: дальнейшие переводы не наблюдаются."
100000004235471100,peripheral,0.49,5,0.3325859626680897,"Входящих: 1, исходящих: 0; выраженные признаки основной структурной роли не достигли порога. Граница depth=4: дальнейшие переводы не наблюдаются."
100000004241142100,peripheral,0.49,0,0.19267011707586323,"Входящих: 1, исходящих: 0; выраженные признаки основной структурной роли не достигли порога. Граница depth=4: дальнейшие переводы не наблюдаются."
100000004254434100,terminal,0.6675883952855848,1,0.1754329295648273,"Получил 44,445 KZT от 1 контрагентов; исходящих в выборке нет 18 дн."
100000004257714100,terminal,0.677107887579329,1,0.1945266935845671,"Получил 52,220 KZT от 1 контрагентов; исходящих в выборке нет 21 дн."
100000004260869100,peripheral,0.49,4,0.217442799461642,"Входящих: 1, исходящих: 0; выраженные признаки основной структурной роли не достигли порога. Граница depth=4: дальнейшие переводы не наблюдаются."
100000004261340100,peripheral,0.49,0,0.3419657653486313,"Входящих: 1, исходящих: 0; выраженные признаки основной структурной роли не достигли порога. Граница depth=4: дальнейшие переводы не наблюдаются."
100000004263867100,peripheral,0.49,18,0.09718034993270526,"Входящих: 1, исходящих: 0; выраженные признаки основной структурной роли не достигли порога. Граница depth=4: дальнейшие переводы не наблюдаются."
100000004265639100,peripheral,0.49,6,0.10993270524899057,"Входящих: 1, исходящих: 0; выраженные признаки основной структурной роли не достигли порога. Граница depth=4: дальнейшие переводы не наблюдаются."
100000004268036100,peripheral,0.49,18,0.08720502467474203,"Входящих: 1, исходящих: 0; выраженные признаки основной структурной роли не достигли порога. Граница depth=4: дальнейшие переводы не наблюдаются."
100000004269433100,peripheral,1.0,15,0.294652310453118,"Входящих: 0, исходящих: 1; выраженные признаки основной структурной роли не достигли порога."
100000004272302100,peripheral,0.49,47,0.13911170928667566,"Входящих: 1, исходящих: 0; выраженные признаки основной структурной роли не достигли порога. Граница depth=4: дальнейшие переводы не наблюдаются."
100000004278574100,peripheral,1.0,5,0.37261378307461446,"Входящих: 1, исходящих: 1; выраженные признаки основной структурной роли не достигли порога."
100000004285800100,peripheral,1.0,0,0.38768226152218244,"Входящих: 1, исходящих: 1; выраженные признаки основной структурной роли не достигли порога."
100000004286573100,terminal,0.6293064369900272,12,0.10011664423508301,"Получил 16,590 KZT от 1 контрагентов; исходящих в выборке нет 17 дн."
100000004291560100,terminal,0.6709542157751586,0,0.1906243566451768,"Получил 47,190 KZT от 1 контрагентов; исходящих в выборке нет 7 дн."
100000004291663100,peripheral,0.49,0,0.26120309150385784,"Входящих: 1, исходящих: 0; выраженные признаки основной структурной роли не достигли порога. Граница depth=4: дальнейшие переводы не наблюдаются."
100000004292885100,terminal,0.7019265639165911,1,0.17371467025572007,"Получил 112,700 KZT от 1 контрагентов; исходящих в выборке нет 30 дн."
100000004299488100,consolidator,0.9632156015070158,0,0.7144649959226561,"Получает от 6 контрагентов; входящий оборот 1,749,000 KZT; достижим от 3 seed."
100000004315838100,peripheral,1.0,3,0.618186328816387,"Входящих: 2, исходящих: 1; выраженные признаки основной структурной роли не достигли порога."
100000004318918100,terminal,0.6884632819582955,11,0.438830915561764,"Получил 75,600 KZT от 1 контрагентов; исходящих в выборке нет 10 дн."
100000004321983100,peripheral,1.0,8,0.2560316019446198,"Входящих: 1, исходящих: 2; выраженные признаки основной структурной роли не достигли порога."
100000004325327100,transit,0.8953756840468088,0,0.48616956953979046,"Вход 70,817 KZT, выход 70,000 KZT; совпадение потока за 1–2 дня: 68%."
100000004326224100,peripheral,0.49,5,0.32869183974301125,"Входящих: 1, исходящих: 0; выраженные признаки основной структурной роли не достигли порога. Граница depth=4: дальнейшие переводы не наблюдаются."
100000004330371100,peripheral,1.0,4,0.5679882310373288,"Входящих: 2, исходящих: 2; выраженные признаки основной структурной роли не достигли порога."
100000004331458100,terminal,0.7241953762466001,49,0.22247196052041274,"Получил 250,000 KZT от 2 контрагентов; исходящих в выборке нет 15 дн."
100000004336228100,terminal,0.633774770107499,6,0.18258411843876177,"Получил 51,407 KZT от 1 контрагентов; исходящих в выборке нет 4 дн."
100000004336312100,consolidator,0.7592902906870748,34,0.4466215554585327,"Получает от 3 контрагентов; входящий оборот 90,415 KZT; достижим от 1 seed."
100000004340038100,peripheral,1.0,13,0.3940740791715189,"Входящих: 1, исходящих: 1; выраженные признаки основной структурной роли не достигли порога."
100000004350094100,peripheral,0.49,17,0.13106774338268282,"Входящих: 1, исходящих: 0; выраженные признаки основной структурной роли не достигли порога. Граница depth=4: дальнейшие переводы не наблюдаются."
100000004351795100,distributor,0.944164265129683,0,0.6913832346308694,"Направляет 1,715,161 KZT 14 получателям; 37 исходящих операций."
100000004356593100,peripheral,1.0,3,0.3409146265806382,"Входящих: 1, исходящих: 1; выраженные признаки основной структурной роли не достигли порога."
100000004358004100,distributor,0.9064121037463977,3,0.2982159443518343,"Направляет 980,850 KZT 11 получателям; 17 исходящих операций."
100000004360785100,terminal,0.6953989120580235,4,0.22684239163844733,"Получил 94,705 KZT от 1 контрагентов; исходящих в выборке нет 18 дн."
100000004368189100,peripheral,1.0,9,0.4609153208099869,"Входящих: 1, исходящих: 2; выраженные признаки основной структурной роли не достигли порога."
100000004377043100,peripheral,0.49,28,0.08721399730820996,"Входящих: 1, исходящих: 0; выраженные признаки основной структурной роли не достигли порога. Граница depth=4: дальнейшие переводы не наблюдаются."
100000004379306100,peripheral,0.49,6,0.11209062359802602,"Входящих: 1, исходящих: 0; выраженные признаки основной структурной роли не достигли порога. Граница depth=4: дальнейшие переводы не наблюдаются."
100000004386258100,consolidator,0.8074132442994002,12,0.5844234052129024,"Получает от 3 контрагентов; входящий оборот 61,700 KZT; достижим от 3 seed."
100000004386286100,peripheral,0.49,12,0.1824502875558991,"Входящих: 1, исходящих: 0; выраженные признаки основной структурной роли не достигли порога. Граница depth=4: дальнейшие переводы не наблюдаются."
100000004386331100,transit,0.6124999999999999,12,0.3786926190625001,"Вход 20,000 KZT, выход 17,500 KZT; совпадение потока за 1–2 дня: 0%."
100000004388209100,peripheral,0.49,1,0.0923373710183939,"Входящих: 1, исходящих: 0; выраженные признаки основной структурной роли не достигли порога."
100000004388353100,terminal,0.6827515865820489,11,0.5302186431117996,"Получил 62,960 KZT от 2 контрагентов; исходящих в выборке нет 12 дн."
100000004388983100,peripheral,1.0,65,0.18179901301031856,"Входящих: 0, исходящих: 2; выраженные признаки основной структурной роли не достигли порога."
100000004390333100,distributor,0.8755763688760807,0,0.5287973915430108,"Направляет 506,500 KZT 9 получателям; 14 исходящих операций."
100000004394765100,consolidator,0.9259082578986749,4,0.672934762364293,"Получает от 3 контрагентов; входящий оборот 603,844 KZT; достижим от 3 seed."
100000004398811100,peripheral,1.0,3,0.3274726417034917,"Входящих: 1, исходящих: 3; выраженные признаки основной структурной роли не достигли порога."
100000004399686100,terminal,0.7447642792384406,24,0.32943921040825486,"Получил 806,000 KZT от 1 контрагентов; исходящих в выборке нет 22 дн."
100000004400305100,distributor,0.9943804034582133,0,0.5922794085442878,"Направляет 5,830,181 KZT 82 получателям; 101 исходящих операций."
100000004400361100,terminal,0.614687216681777,4,0.34005552307444803,"Получил 10,000 KZT от 1 контрагентов; исходящих в выборке нет 28 дн."
100000004400480100,peripheral,0.49,9,0.2169537909376402,"Входящих: 1, исходящих: 0; выраженные признаки основной структурной роли не достигли порога. Граница depth=4: дальнейшие переводы не наблюдаются."
100000004403548100,peripheral,0.49,6,0.08644683714670255,"Входящих: 1, исходящих: 0; выраженные признаки основной структурной роли не достигли порога. Граница depth=4: дальнейшие переводы не наблюдаются."
100000004403641100,peripheral,0.49,9,0.17883355764917003,"Входящих: 1, исходящих: 0; выраженные признаки основной структурной роли не достигли порога. Граница depth=4: дальнейшие переводы не наблюдаются."
100000004403675100,consolidator,0.8937006423048399,19,0.7336681990361105,"Получает от 4 контрагентов; входящий оборот 182,980 KZT; достижим от 3 seed."
100000004407753100,peripheral,1.0,28,0.44689995513683267,"Входящих: 1, исходящих: 1; выраженные признаки основной структурной роли не достигли порога."
100000004408683100,terminal,0.7021305530371713,4,0.3105256576770296,"Получил 112,920 KZT от 2 контрагентов; исходящих в выборке нет 17 дн."
100000004410489100,terminal,0.6786038077969174,3,0.23321296140067255,"Получил 54,000 KZT от 1 контрагентов; исходящих в выборке нет 19 дн."
100000004417753100,peripheral,0.49,3,0.3582464508551378,"Входящих: 2, исходящих: 0; выраженные признаки основной структурной роли не достигли порога."
100000004418967100,peripheral,0.49,2,0.15094212651413189,"Входящих: 1, исходящих: 0; выраженные признаки основной структурной роли не достигли порога. Граница depth=4: дальнейшие переводы не наблюдаются."
100000004420041100,distributor,0.8592939481268012,12,0.3928382163981196,"Направляет 651,830 KZT 7 получателям; 11 исходящих операций."
100000004424023100,peripheral,1.0,9,0.5574840281593264,"Входящих: 1, исходящих: 1; выраженные признаки основной структурной роли не достигли порога."
100000004433250100,peripheral,0.49,0,0.13722372856083406,"Входящих: 1, исходящих: 0; выраженные признаки основной структурной роли не достигли порога. Граница depth=4: дальнейшие переводы не наблюдаются."
100000004435304100,peripheral,0.49,1,0.17917900403768508,"Входящих: 1, исходящих: 0; выраженные признаки основной структурной роли не достигли порога."
100000004441291100,terminal,0.6368880326382592,3,0.3745822166590151,"Получил 20,000 KZT от 1 контрагентов; исходящих в выборке нет 28 дн."
100000004445291100,terminal,0.6347801450589302,26,0.22717362045760434,"Получил 19,500 KZT от 1 контрагентов; исходящих в выборке нет 26 дн."
100000004449824100,peripheral,0.49,18,0.09718034993270526,"Входящих: 1, исходящих: 0; выраженные признаки основной структурной роли не достигли порога. Граница depth=4: дальнейшие переводы не наблюдаются."
100000004450649100,peripheral,1.0,5,0.620491388088567,"Входящих: 2, исходящих: 2; выраженные признаки основной структурной роли не достигли порога."
100000004451012100,peripheral,1.0,17,0.3271399131646808,"Входящих: 1, исходящих: 3; выраженные признаки основной структурной роли не достигли порога."
100000004456564100,terminal,0.5718300738246341,14,0.31177618249760974,"Получил 10,000 KZT от 1 контрагентов; исходящих в выборке нет 4 дн."
100000004463277100,terminal,0.6604487760652765,29,0.14189771197846568,"Получил 35,000 KZT от 1 контрагентов; исходящих в выборке нет 26 дн."
100000004467157100,peripheral,0.49,34,0.23794078061911172,"Входящих: 1, исходящих: 1; выраженные признаки основной структурной роли не достигли порога."
100000004472936100,peripheral,0.49,13,0.1662277662458946,"Входящих: 1, исходящих: 0; выраженные признаки основной структурной роли не достигли порога. Граница depth=4: дальнейшие переводы не наблюдаются."
100000004475818100,peripheral,0.49,5,0.4076127005204573,"Входящих: 1, исходящих: 3; выраженные признаки основной структурной роли не достигли порога."
100000004479404100,peripheral,1.0,45,0.5486823526875778,"Входящих: 2, исходящих: 1; выраженные признаки основной структурной роли не достигли порога."
100000004480280100,peripheral,1.0,3,0.6767792418543053,"Входящих: 1, исходящих: 2; выраженные признаки основной структурной роли не достигли порога."
100000004486525100,consolidator,0.9390088925314944,0,0.6144397070854246,"Получает от 8 контрагентов; входящий оборот 360,924 KZT; достижим от 3 seed."
100000004488265100,terminal,0.663236627379873,6,0.135580978017048,"Получил 38,740 KZT от 1 контрагентов; исходящих в выборке нет 13 дн."
100000004491749100,peripheral,0.49,8,0.22480484522207267,"Входящих: 1, исходящих: 0; выраженные признаки основной структурной роли не достигли порога."
100000004491881100,terminal,0.6300883952855848,1,0.10395020188425304,"Получил 17,144 KZT от 1 контрагентов; исходящих в выборке нет 15 дн."
100000004493586100,terminal,0.6087035358114233,0,0.13968147151188876,"Получил 7,500 KZT от 1 контрагентов; исходящих в выборке нет 26 дн."
100000004494983100,terminal,0.6604487760652765,1,0.13238223418573353,"Получил 35,000 KZT от 1 контрагентов; исходящих в выборке нет 17 дн."
100000004497606100,terminal,0.6269605621033545,1,0.10072005383580082,"Получил 15,534 KZT от 1 контрагентов; исходящих в выборке нет 16 дн."
100000004500444100,peripheral,1.0,14,0.43081339707737,"Входящих: 2, исходящих: 1; выраженные признаки основной структурной роли не достигли порога."
100000004500781100,peripheral,0.49,14,0.31440107671601614,"Входящих: 1, исходящих: 0; выраженные признаки основной структурной роли не достигли порога. Граница depth=4: дальнейшие переводы не наблюдаются."
100000004502048100,peripheral,0.49,17,0.09174966352624495,"Входящих: 1, исходящих: 0; выраженные признаки основной структурной роли не достигли порога. Граница depth=4: дальнейшие переводы не наблюдаются."
100000004508696100,peripheral,1.0,38,0.4012738497895006,"Входящих: 1, исходящих: 3; выраженные признаки основной структурной роли не достигли порога."
100000004509286100,terminal,0.6646645512239348,3,0.4390887218182793,"Получил 40,000 KZT от 1 контрагентов; исходящих в выборке нет 11 дн."
100000004526651100,peripheral,0.49,2,0.1899424365016147,"Входящих: 1, исходящих: 0; выраженные признаки основной структурной роли не достигли порога. Граница depth=4: дальнейшие переводы не наблюдаются."
100000004527381100,peripheral,1.0,15,0.43476043892505156,"Входящих: 1, исходящих: 1; выраженные признаки основной структурной роли не достигли порога."
100000004539443100,terminal,0.6824116047144152,3,0.36007702600363356,"Получил 61,990 KZT от 2 контрагентов; исходящих в выборке нет 13 дн."
100000004544958100,peripheral,1.0,11,0.6794910384891208,"Входящих: 1, исходящих: 2; выраженные признаки основной структурной роли не достигли порога."
100000004549591100,peripheral,0.49,38,0.13416330192911619,"Входящих: 1, исходящих: 0; выраженные признаки основной структурной роли не достигли порога. Граница depth=4: дальнейшие переводы не наблюдаются."
100000004552204100,peripheral,0.49,32,0.32949491113872303,"Входящих: 1, исходящих: 2; выраженные признаки основной структурной роли не достигли порога."
100000004553349100,terminal,0.6091115140525838,5,0.11430686406460297,"Получил 7,755 KZT от 1 контрагентов; исходящих в выборке нет 16 дн."
100000004559194100,terminal,0.7271532184950136,4,0.3242223826658139,"Получил 282,145 KZT от 1 контрагентов; исходящих в выборке нет 17 дн."
100000004564736100,terminal,0.6252266545784224,23,0.30077240509739755,"Получил 15,000 KZT от 1 контрагентов; исходящих в выборке нет 8 дн."
100000004569484100,coordinator,0.6350807350273788,7,0.5471793051531079,Betweenness 0.0028; достижим от 2 seed; межкластерный поток 38%.
100000004569637100,peripheral,0.49,6,0.10511888739344996,"Входящих: 1, исходящих: 0; выраженные признаки основной структурной роли не достигли порога. Граница depth=4: дальнейшие переводы не наблюдаются."
100000004571634100,peripheral,0.49,11,0.10607447285778376,"Входящих: 1, исходящих: 0; выраженные признаки основной структурной роли не достигли порога. Граница depth=4: дальнейшие переводы не наблюдаются."
100000004573782100,terminal,0.5966552260069938,10,0.18152534768954687,"Получил 15,000 KZT от 1 контрагентов; исходящих в выборке нет 5 дн."
100000004580202100,peripheral,1.0,23,0.454790784266308,"Входящих: 1, исходящих: 3; выраженные признаки основной структурной роли не достигли порога."
100000004580254100,terminal,0.651745240253853,16,0.2606872960162985,"Получил 27,940 KZT от 2 контрагентов; исходящих в выборке нет 12 дн."
100000004584730100,peripheral,0.49,45,0.20449528936742933,"Входящих: 1, исходящих: 0; выраженные признаки основной структурной роли не достигли порога. Граница depth=4: дальнейшие переводы не наблюдаются."
100000004586598100,peripheral,0.49,67,0.3434006280843428,"Входящих: 1, исходящих: 0; выраженные признаки основной структурной роли не достигли порога. Граница depth=4: дальнейшие переводы не наблюдаются."
100000004587414100,terminal,0.7402765185856753,5,0.4994035605655768,"Получил 533,603 KZT от 2 контрагентов; исходящих в выборке нет 17 дн."
100000004588479100,terminal,0.713961922030825,4,0.3340204984127856,"Получил 177,633 KZT от 1 контрагентов; исходящих в выборке нет 18 дн."
100000004591973100,peripheral,1.0,12,0.3149773346532372,"Входящих: 1, исходящих: 1; выраженные признаки основной структурной роли не достигли порога."
100000004592467100,terminal,0.5651324310322497,3,0.08272319425751459,"Получил 7,000 KZT от 1 контрагентов; исходящих в выборке нет 4 дн."
100000004596284100,peripheral,0.49,4,0.135464333781965,"Входящих: 1, исходящих: 0; выраженные признаки основной структурной роли не достигли порога. Граница depth=4: дальнейшие переводы не наблюдаются."
100000004601193100,peripheral,0.49,11,0.20483176312247647,"Входящих: 1, исходящих: 0; выраженные признаки основной структурной роли не достигли порога. Граница depth=4: дальнейшие переводы не наблюдаются."
100000004603109100,consolidator,0.9092307190992882,24,0.47963632215371466,"Получает от 3 контрагентов; входящий оборот 2,730,000 KZT; достижим от 2 seed."
100000004610802100,peripheral,0.49,60,0.23781965006729475,"Входящих: 1, исходящих: 0; выраженные признаки основной структурной роли не достигли порога. Граница depth=4: дальнейшие переводы не наблюдаются."
100000004611571100,terminal,0.641613780598368,0,0.1686144867483621,"Получил 22,550 KZT от 1 контрагентов; исходящих в выборке нет 28 дн."
100000004613582100,peripheral,1.0,10,0.15415717162820342,"Входящих: 1, исходящих: 1; выраженные признаки основной структурной роли не достигли порога."
100000004616845100,peripheral,0.49,57,0.09178106774338268,"Входящих: 1, исходящих: 0; выраженные признаки основной структурной роли не достигли порога. Граница depth=4: дальнейшие переводы не наблюдаются."
100000004622227100,peripheral,1.0,0,0.31352426464817246,"Входящих: 1, исходящих: 3; выраженные признаки основной структурной роли не достигли порога."
100000004629688100,peripheral,1.0,15,0.4355917948798439,"Входящих: 1, исходящих: 1; выраженные признаки основной структурной роли не достигли порога."
100000004634420100,terminal,0.6496033544877606,1,0.16660834454912518,"Получил 26,150 KZT от 1 контрагентов; исходящих в выборке нет 9 дн."
100000004635886100,terminal,0.6420557570262919,4,0.1871609201265586,"Получил 23,000 KZT от 1 контрагентов; исходящих в выборке нет 12 дн."
100000004644615100,peripheral,1.0,9,0.25222191015233253,"Входящих: 1, исходящих: 2; выраженные признаки основной структурной роли не достигли порога."
100000004652395100,consolidator,0.8465904881797266,0,0.4813355009479381,"Получает от 3 контрагентов; входящий оборот 101,528 KZT; достижим от 3 seed. Граница depth=4: дальнейшие переводы не наблюдаются."
100000004655046100,peripheral,0.49,7,0.1276312247644684,"Входящих: 1, исходящих: 0; выраженные признаки основной структурной роли не достигли порога. Граница depth=4: дальнейшие переводы не наблюдаются."
100000004657034100,terminal,0.7078762466001813,5,0.33673580564700406,"Получил 141,250 KZT от 1 контрагентов; исходящих в выборке нет 15 дн."
100000004659919100,peripheral,1.0,51,0.36094512829165504,"Входящих: 1, исходящих: 1; выраженные признаки основной структурной роли не достигли порога."
100000004662806100,peripheral,1.0,12,0.5420741787319672,"Входящих: 2, исходящих: 2; выраженные признаки основной структурной роли не достигли порога."
100000004664515100,terminal,0.6627606527651858,0,0.13348586810228802,"Получил 37,691 KZT от 1 контрагентов; исходящих в выборке нет 22 дн."
100000004664905100,terminal,0.7301450589301903,4,0.388502328830013,"Получил 329,020 KZT от 2 контрагентов; исходящих в выборке нет 10 дн."
100000004666651100,terminal,0.678373915295946,66,0.4291448007774538,"Получил 429,250 KZT от 1 контрагентов; исходящих в выборке нет 3 дн."
100000004670388100,peripheral,1.0,50,0.3718404571399469,"Входящих: 1, исходящих: 2; выраженные признаки основной структурной роли не достигли порога."
100000004671609100,peripheral,0.49,9,0.1679542395693136,"Входящих: 1, исходящих: 0; выраженные признаки основной структурной роли не достигли порога."
100000004673335100,peripheral,0.49,30,0.24723642889187977,"Входящих: 1, исходящих: 0; выраженные признаки основной структурной роли не достигли порога. Граница depth=4: дальнейшие переводы не наблюдаются."
100000004674178100,peripheral,0.49,26,0.1329789143113504,"Входящих: 1, исходящих: 0; выраженные признаки основной структурной роли не достигли порога. Граница depth=4: дальнейшие переводы не наблюдаются."
100000004674389100,peripheral,0.49,11,0.09585912965455361,"Входящих: 1, исходящих: 0; выраженные признаки основной структурной роли не достигли порога. Граница depth=4: дальнейшие переводы не наблюдаются."
100000004674412100,peripheral,0.49,11,0.13479587258860476,"Входящих: 1, исходящих: 0; выраженные признаки основной структурной роли не достигли порога. Граница depth=4: дальнейшие переводы не наблюдаются."
100000004674799100,terminal,0.7071962828649139,0,0.5105895517214769,"Получил 140,000 KZT от 1 контрагентов; исходящих в выборке нет 8 дн."
100000004676985100,transit,0.5880781153130812,0,0.2715741151405306,"Вход 32,260 KZT, выход 27,102 KZT; совпадение потока за 1–2 дня: 0%."
100000004677680100,peripheral,1.0,11,0.7244501310565797,"Входящих: 2, исходящих: 1; выраженные признаки основной структурной роли не достигли порога."
100000004679953100,consolidator,0.8615992594438032,6,0.6153991546438528,"Получает от 3 контрагентов; входящий оборот 343,538 KZT; достижим от 2 seed."
100000004687099100,terminal,0.6548730734360834,10,0.1591386271870794,"Получил 30,000 KZT от 1 контрагентов; исходящих в выборке нет 13 дн."
100000004687282100,terminal,0.6368880326382592,4,0.14824136384028713,"Получил 20,000 KZT от 1 контрагентов; исходящих в выборке нет 24 дн."
100000004689658100,peripheral,1.0,6,0.29995828249714834,"Входящих: 1, исходящих: 1; выраженные признаки основной структурной роли не достигли порога."
100000004691350100,peripheral,0.49,50,0.12210408254822791,"Входящих: 1, исходящих: 0; выраженные признаки основной структурной роли не достигли порога. Граница depth=4: дальнейшие переводы не наблюдаются."
100000004692798100,peripheral,1.0,12,0.35002650596814944,"Входящих: 2, исходящих: 1; выраженные признаки основной структурной роли не достигли порога."
100000004697956100,transit,0.7,8,0.21796321220278153,"Вход 10,000 KZT, выход 10,000 KZT; совпадение потока за 1–2 дня: 0%."
100000004698193100,peripheral,1.0,8,0.4065224077940893,"Входящих: 2, исходящих: 3; выраженные признаки основной структурной роли не достигли порога."
100000004707703100,transit,0.8045378369478069,4,0.5795256359002958,"Вход 239,300 KZT, выход 231,650 KZT; совпадение потока за 1–2 дня: 42%."
100000004713684100,terminal,0.6625906618313689,0,0.18377823730915172,"Получил 37,500 KZT от 1 контрагентов; исходящих в выборке нет 7 дн."
100000004714705100,peripheral,1.0,19,0.06140870345446389,"Входящих: 0, исходящих: 1; выраженные признаки основной структурной роли не достигли порога."
100000004715209100,distributor,0.835014409221902,2,0.38939659259895415,"Направляет 350,450 KZT 5 получателям; 17 исходящих операций."
100000004717647100,distributor,0.8538904899135445,45,0.4846530855344157,"Направляет 2,240,000 KZT 5 получателям; 10 исходящих операций."
100000004722630100,peripheral,0.49,50,0.20926424405563032,"Входящих: 1, исходящих: 0; выраженные признаки основной структурной роли не достигли порога. Граница depth=4: дальнейшие переводы не наблюдаются."
100000004722765100,peripheral,1.0,47,0.46570643969977926,"Входящих: 1, исходящих: 3; выраженные признаки основной структурной роли не достигли порога."
100000004723755100,peripheral,1.0,3,0.23906684611933604,"Входящих: 0, исходящих: 1; выраженные признаки основной структурной роли не достигли порога."
100000004726132100,peripheral,1.0,0,0.2931121631611232,"Входящих: 1, исходящих: 1; выраженные признаки основной структурной роли не достигли порога."
100000004732589100,terminal,0.72116953762466,11,0.21151637505607895,"Получил 227,520 KZT от 1 контрагентов; исходящих в выборке нет 11 дн."
100000004737477100,transit,0.6827067399671134,0,0.4075927582789584,"Вход 49,598 KZT, выход 40,500 KZT; совпадение потока за 1–2 дня: 37%."
100000004737764100,peripheral,0.49,3,0.19617317182593091,"Входящих: 1, исходящих: 0; выраженные признаки основной структурной роли не достигли порога."
100000004739664100,transit,0.5833333333333334,1,0.15679427578939326,"Вход 12,000 KZT, выход 10,000 KZT; совпадение потока за 1–2 дня: 0%."
100000004741837100,terminal,0.6485494106980961,4,0.17728205067837555,"Получил 25,596 KZT от 1 контрагентов; исходящих в выборке нет 22 дн."
100000004744306100,peripheral,1.0,19,0.5312031248143616,"Входящих: 1, исходящих: 2; выраженные признаки основной структурной роли не достигли порога."
100000004746397100,coordinator,0.6466495459811773,5,0.5764663207486019,Betweenness 0.0007; достижим от 3 seed; межкластерный поток 3%.
100000004747154100,peripheral,0.49,2,0.17748766262898158,"Входящих: 1, исходящих: 0; выраженные признаки основной структурной роли не достигли порога. Граница depth=4: дальнейшие переводы не наблюдаются."
100000004750321100,peripheral,0.49,7,0.385888124659748,"Входящих: 2, исходящих: 0; выраженные признаки основной структурной роли не достигли порога."
100000004750897100,terminal,0.614687216681777,15,0.28432216724413284,"Получил 10,000 KZT от 1 контрагентов; исходящих в выборке нет 10 дн."
100000004756901100,terminal,0.7103581142339075,4,0.437157362464309,"Получил 153,248 KZT от 1 контрагентов; исходящих в выборке нет 28 дн."
100000004759121100,consolidator,0.9514862270736523,0,0.7089143351999866,"Получает от 6 контрагентов; входящий оборот 710,000 KZT; достижим от 3 seed."
100000004765639100,peripheral,1.0,0,0.21576940331987438,"Входящих: 1, исходящих: 2; выраженные признаки основной структурной роли не достигли порога."
100000004770073100,transit,0.699414849541885,0,0.168482284291675,"Вход 5,462 KZT, выход 5,467 KZT; совпадение потока за 1–2 дня: 0%."
100000004777215100,peripheral,0.49,22,0.2573538317461189,"Входящих: 1, исходящих: 0; выраженные признаки основной структурной роли не достигли порога. Граница depth=4: дальнейшие переводы не наблюдаются."
100000004779204100,peripheral,1.0,0,0.27978856108041394,"Входящих: 1, исходящих: 1; выраженные признаки основной структурной роли не достигли порога."
100000004780083100,peripheral,0.49,60,0.055446388515029164,"Входящих: 1, исходящих: 0; выраженные признаки основной структурной роли не достигли порога. Граница depth=4: дальнейшие переводы не наблюдаются."
100000004780327100,peripheral,0.49,18,0.10608793180798565,"Входящих: 1, исходящих: 0; выраженные признаки основной структурной роли не достигли порога. Граница depth=4: дальнейшие переводы не наблюдаются."
100000004783447100,terminal,0.6501473254759745,1,0.12126514131897713,"Получил 26,200 KZT от 1 контрагентов; исходящих в выборке нет 17 дн."
100000004784224100,peripheral,1.0,24,0.174028300494843,"Входящих: 1, исходящих: 1; выраженные признаки основной структурной роли не достигли порога."
100000004788983100,peripheral,0.49,0,0.18035069132440515,"Входящих: 1, исходящих: 0; выраженные признаки основной структурной роли не достигли порога. Граница depth=4: дальнейшие переводы не наблюдаются."
100000004790991100,terminal,0.7230734360834089,4,0.3122439169861369,"Получил 239,413 KZT от 1 контрагентов; исходящих в выборке нет 16 дн."
100000004791226100,peripheral,0.49,0,0.28771273708483586,"Входящих: 1, исходящих: 0; выраженные признаки основной структурной роли не достигли порога. Граница depth=4: дальнейшие переводы не наблюдаются."
100000004792397100,peripheral,0.49,1,0.1619291161956034,"Входящих: 1, исходящих: 0; выраженные признаки основной структурной роли не достигли порога."
100000004797167100,peripheral,0.49,20,0.13396141767608793,"Входящих: 1, исходящих: 0; выраженные признаки основной структурной роли не достигли порога. Граница depth=4: дальнейшие переводы не наблюдаются."
100000004798515100,peripheral,0.49,12,0.2400717810677434,"Входящих: 1, исходящих: 0; выраженные признаки основной структурной роли не достигли порога. Граница depth=4: дальнейшие переводы не наблюдаются."
100000004800452100,peripheral,0.49,5,0.3910112654944693,"Входящих: 1, исходящих: 0; выраженные признаки основной структурной роли не достигли порога. Граница depth=4: дальнейшие переводы не наблюдаются."
100000004800648100,peripheral,0.49,12,0.1918259309107223,"Входящих: 1, исходящих: 0; выраженные признаки основной структурной роли не достигли порога. Граница depth=4: дальнейшие переводы не наблюдаются."
100000004806903100,terminal,0.6328762466001813,3,0.3988847513625715,"Получил 18,000 KZT от 1 контрагентов; исходящих в выборке нет 30 дн."
100000004813068100,peripheral,1.0,24,0.1601301031852849,"Входящих: 0, исходящих: 3; выраженные признаки основной структурной роли не достигли порога."
100000004816564100,peripheral,1.0,15,0.6229659589382304,"Входящих: 1, исходящих: 1; выраженные признаки основной структурной роли не достигли порога."
100000004820260100,transit,0.7734247636114386,15,0.6508264938473663,"Вход 234,200 KZT, выход 215,350 KZT; совпадение потока за 1–2 дня: 43%."
100000004825069100,terminal,0.5977302162932262,1,0.1867788245850157,"Получил 30,000 KZT от 1 контрагентов; исходящих в выборке нет 3 дн."
100000004840086100,peripheral,0.49,0,0.1927097353073127,"Входящих: 1, исходящих: 0; выраженные признаки основной структурной роли не достигли порога. Граница depth=4: дальнейшие переводы не наблюдаются."
100000004841728100,terminal,0.6770398912058023,1,0.14936742934051145,"Получил 52,208 KZT от 1 контрагентов; исходящих в выборке нет 14 дн."
100000004847758100,distributor,0.910014409221902,3,0.5741060898544287,"Направляет 488,800 KZT 15 получателям; 23 исходящих операций."
100000004848236100,peripheral,0.49,0,0.138278012993315,"Входящих: 1, исходящих: 0; выраженные признаки основной структурной роли не достигли порога. Граница depth=4: дальнейшие переводы не наблюдаются."
100000004850609100,peripheral,0.49,0,0.12763122476446837,"Входящих: 1, исходящих: 0; выраженные признаки основной структурной роли не достигли порога. Граница depth=4: дальнейшие переводы не наблюдаются."
100000004856746100,peripheral,0.49,34,0.12991027366532076,"Входящих: 1, исходящих: 0; выраженные признаки основной структурной роли не достигли порога. Граница depth=4: дальнейшие переводы не наблюдаются."
100000004877085100,peripheral,1.0,13,0.5069623047246503,"Входящих: 1, исходящих: 3; выраженные признаки основной структурной роли не достигли порога."
100000004889043100,terminal,0.7260652765185857,0,0.4898533999256307,"Получил 272,000 KZT от 2 контрагентов; исходящих в выборке нет 10 дн."
100000004890713100,peripheral,0.49,7,0.21459474695473268,"Входящих: 1, исходящих: 0; выраженные признаки основной структурной роли не достигли порога. Граница depth=4: дальнейшие переводы не наблюдаются."
100000004891562100,peripheral,0.49,18,0.18930910722296995,"Входящих: 1, исходящих: 0; выраженные признаки основной структурной роли не достигли порога. Граница depth=4: дальнейшие переводы не наблюдаются."
100000004892144100,peripheral,1.0,24,0.4438500183768951,"Входящих: 2, исходящих: 1; выраженные признаки основной структурной роли не достигли порога."
100000004904960100,terminal,0.657932910244787,0,0.42837315429921247,"Получил 32,000 KZT от 2 контрагентов; исходящих в выборке нет 25 дн."
100000004905207100,terminal,0.718851185079653,14,0.3556231990969816,"Получил 380,000 KZT от 1 контрагентов; исходящих в выборке нет 6 дн."
100000004906181100,distributor,0.9202449567723343,36,0.613246017897602,"Направляет 2,473,418 KZT 7 получателям; 33 исходящих операций."
100000004908173100,peripheral,0.49,2,0.19668012561686854,"Входящих: 1, исходящих: 0; выраженные признаки основной структурной роли не достигли порога. Граница depth=4: дальнейшие переводы не наблюдаются."
100000004911971100,peripheral,0.49,36,0.349180848267013,"Входящих: 1, исходящих: 0; выраженные признаки основной структурной роли не достигли порога. Граница depth=4: дальнейшие переводы не наблюдаются."
100000004917367100,terminal,0.7036264732547597,5,0.4384181744222396,"Получил 120,000 KZT от 2 контрагентов; исходящих в выборке нет 8 дн."
100000004921657100,peripheral,1.0,3,0.31643413681565685,"Входящих: 1, исходящих: 1; выраженные признаки основной структурной роли не достигли порога."
100000004931931100,peripheral,1.0,0,0.28928160728947633,"Входящих: 1, исходящих: 1; выраженные признаки основной структурной роли не достигли порога."
100000004948177100,consolidator,0.8864519339678286,4,0.4031501529663971,"Получает от 3 контрагентов; входящий оборот 437,163 KZT; достижим от 2 seed."
100000004950490100,terminal,0.5432586452532056,10,0.08502018842530282,"Получил 10,000 KZT от 1 контрагентов; исходящих в выборке нет 2 дн."
100000004959752100,peripheral,0.49,3,0.48438930503945477,"Входящих: 1, исходящих: 0; выраженные признаки основной структурной роли не достигли порога."
100000004962193100,consolidator,0.958671177209645,0,0.5521591014596059,"Получает от 8 контрагентов; входящий оборот 900,468 KZT; достижим от 3 seed."
100000004970752100,terminal,0.614687216681777,0,0.11611036339165545,"Получил 10,000 KZT от 1 контрагентов; исходящих в выборке нет 30 дн."
100000004971871100,peripheral,1.0,59,0.29282189322566177,"Входящих: 1, исходящих: 1; выраженные признаки основной структурной роли не достигли порога."
100000004975919100,peripheral,1.0,6,0.2543184693196602,"Входящих: 1, исходящих: 2; выраженные признаки основной структурной роли не достигли порога."
100000004976946100,peripheral,0.49,41,0.26572529877169093,"Входящих: 1, исходящих: 0; выраженные признаки основной структурной роли не достигли порога. Граница depth=4: дальнейшие переводы не наблюдаются."
100000004979264100,peripheral,0.49,2,0.12665320771646477,"Входящих: 1, исходящих: 0; выраженные признаки основной структурной роли не достигли порога. Граница depth=4: дальнейшие переводы не наблюдаются."
100000004979283100,terminal,0.6652765185856754,7,0.14752355316285332,"Получил 40,132 KZT от 1 контрагентов; исходящих в выборке нет 26 дн."
100000004979498100,peripheral,1.0,52,0.351278600269179,"Входящих: 1, исходящих: 1; выраженные признаки основной структурной роли не достигли порога."
100000004981068100,peripheral,0.49,6,0.16072305561332395,"Входящих: 1, исходящих: 0; выраженные признаки основной структурной роли не достигли порога. Граница depth=4: дальнейшие переводы не наблюдаются."
100000004984689100,terminal,0.6778558476881232,6,0.19954239569313595,"Получил 53,030 KZT от 1 контрагентов; исходящих в выборке нет 23 дн."
100000004988240100,peripheral,0.49,0,0.1841595742315384,"Входящих: 1, исходящих: 0; выраженные признаки основной структурной роли не достигли порога. Граница depth=4: дальнейшие переводы не наблюдаются."
100000004991593100,peripheral,0.49,6,0.38818488595207357,"Входящих: 1, исходящих: 0; выраженные признаки основной структурной роли не достигли порога. Граница depth=4: дальнейшие переводы не наблюдаются."
100000004991812100,terminal,0.614687216681777,23,0.15551444188519475,"Получил 10,000 KZT от 1 контрагентов; исходящих в выборке нет 8 дн."
100000004993576100,peripheral,0.49,15,0.3792391703845545,"Входящих: 1, исходящих: 0; выраженные признаки основной структурной роли не достигли порога."
100000004997515100,consolidator,0.9393544324891085,2,0.6756544482219797,"Получает от 4 контрагентов; входящий оборот 395,000 KZT; достижим от 5 seed."
100000005008589100,terminal,0.6668404351767906,0,0.15130103185284882,"Получил 42,807 KZT от 1 контрагентов; исходящих в выборке нет 30 дн."
100000005010159100,peripheral,0.49,6,0.11014804845222073,"Входящих: 1, исходящих: 0; выраженные признаки основной структурной роли не достигли порога. Граница depth=4: дальнейшие переводы не наблюдаются."
100000005017150100,peripheral,0.2,78,0.0,0 входящих и 0 исходящих связей; seed; данных для выраженной структурной роли недостаточно.
100000005022552100,peripheral,1.0,4,0.37724167382776985,"Входящих: 1, исходящих: 1; выраженные признаки основной структурной роли не достигли порога."
100000005022964100,terminal,0.6083166040668306,3,0.4493870618810878,"Получил 20,000 KZT от 1 контрагентов; исходящих в выборке нет 5 дн."
100000005025629100,peripheral,0.49,5,0.35499511475422707,"Входящих: 1, исходящих: 0; выраженные признаки основной структурной роли не достигли порога. Граница depth=4: дальнейшие переводы не наблюдаются."
100000005030592100,peripheral,0.49,15,0.3249883852791261,"Входящих: 1, исходящих: 0; выраженные признаки основной структурной роли не достигли порога."
100000005031696100,peripheral,1.0,51,0.6841080742490524,"Входящих: 1, исходящих: 2; выраженные признаки основной структурной роли не достигли порога."
100000005032294100,terminal,0.614687216681777,14,0.2774782910664747,"Получил 10,000 KZT от 1 контрагентов; исходящих в выборке нет 23 дн."
100000005034574100,peripheral,0.49,65,0.23472857783759535,"Входящих: 1, исходящих: 0; выраженные признаки основной структурной роли не достигли порога."
100000005037490100,peripheral,1.0,13,0.3879846236072363,"Входящих: 1, исходящих: 2; выраженные признаки основной структурной роли не достигли порога."
100000005041147100,peripheral,0.49,0,0.17328025615168197,"Входящих: 1, исходящих: 0; выраженные признаки основной структурной роли не достигли порога. Граница depth=4: дальнейшие переводы не наблюдаются."
100000005041905100,peripheral,0.49,1,0.2800044863167339,"Входящих: 1, исходящих: 1; выраженные признаки основной структурной роли не достигли порога."
100000005042822100,peripheral,0.49,31,0.1858950201884253,"Входящих: 1, исходящих: 0; выраженные признаки основной структурной роли не достигли порога. Граница depth=4: дальнейшие переводы не наблюдаются."
100000005048668100,distributor,0.8209654178674352,6,0.6834310854829547,"Направляет 159,400 KZT 8 получателям; 11 исходящих операций."
100000005049404100,peripheral,0.49,5,0.3933082596622575,"Входящих: 1, исходящих: 0; выраженные признаки основной структурной роли не достигли порога. Граница depth=4: дальнейшие переводы не наблюдаются."
100000005052998100,peripheral,1.0,0,0.29057289507208994,"Входящих: 1, исходящих: 1; выраженные признаки основной структурной роли не достигли порога."
100000005053653100,peripheral,1.0,13,0.5868691582449265,"Входящих: 2, исходящих: 1; выраженные признаки основной структурной роли не достигли порога."
100000005055454100,terminal,0.6070036264732548,29,0.09957379991027365,"Получил 6,500 KZT от 1 контрагентов; исходящих в выборке нет 17 дн."
100000005056870100,terminal,0.6368880326382592,46,0.1334432480933154,"Получил 20,000 KZT от 1 контрагентов; исходящих в выборке нет 11 дн."
100000005059998100,terminal,0.6328762466001813,0,0.1221265141318977,"Получил 18,000 KZT от 1 контрагентов; исходящих в выборке нет 18 дн."
100000005061890100,terminal,0.6791073047532703,3,0.25461193360251233,"Получил 90,000 KZT от 1 контрагентов; исходящих в выборке нет 6 дн."
100000005074393100,consolidator,0.956553854282761,13,0.8071131009452531,"Получает от 4 контрагентов; входящий оборот 563,026 KZT; достижим от 6 seed."
100000005075949100,peripheral,0.49,47,0.26733064154329295,"Входящих: 1, исходящих: 0; выраженные признаки основной структурной роли не достигли порога. Граница depth=4: дальнейшие переводы не наблюдаются."
100000005077484100,peripheral,1.0,29,0.288630029411963,"Входящих: 1, исходящих: 2; выраженные признаки основной структурной роли не достигли порога."
100000005079473100,peripheral,0.49,6,0.11262000897263347,"Входящих: 1, исходящих: 0; выраженные признаки основной структурной роли не достигли порога. Граница depth=4: дальнейшие переводы не наблюдаются."
100000005079754100,peripheral,1.0,3,0.6539020709550775,"Входящих: 1, исходящих: 2; выраженные признаки основной структурной роли не достигли порога."
100000005082652100,terminal,0.6548730734360834,10,0.12052489905787349,"Получил 30,000 KZT от 1 контрагентов; исходящих в выборке нет 29 дн."
100000005087431100,peripheral,0.2,79,0.0,0 входящих и 0 исходящих связей; seed; данных для выраженной структурной роли недостаточно.
100000005087923100,peripheral,0.49,8,0.11326155226558995,"Входящих: 1, исходящих: 0; выраженные признаки основной структурной роли не достигли порога. Граница depth=4: дальнейшие переводы не наблюдаются."
100000005089460100,terminal,0.6201949229374433,1,0.09143562135486766,"Получил 12,300 KZT от 1 контрагентов; исходящих в выборке нет 23 дн."
100000005092518100,terminal,0.6493313689936536,1,0.12071108120233288,"Получил 26,144 KZT от 1 контрагентов; исходящих в выборке нет 24 дн."
100000005093521100,terminal,0.6264165911151405,3,0.4015629254970591,"Получил 15,200 KZT от 1 контрагентов; исходящих в выборке нет 11 дн."
100000005100475100,terminal,0.6646645512239348,8,0.11622700762673846,"Получил 40,000 KZT от 1 контрагентов; исходящих в выборке нет 9 дн."
100000005105153100,terminal,0.6548730734360834,0,0.3016976719547654,"Получил 30,000 KZT от 1 контрагентов; исходящих в выборке нет 29 дн."
100000005124479100,peripheral,1.0,0,0.6163372022108006,"Входящих: 2, исходящих: 2; выраженные признаки основной структурной роли не достигли порога."
100000005127767100,terminal,0.6079895738893926,38,0.0948026020637057,"Получил 7,000 KZT от 1 контрагентов; исходящих в выборке нет 25 дн."
100000005133757100,terminal,0.6838055303717135,6,0.4872463985964137,"Получил 65,000 KZT от 2 контрагентов; исходящих в выборке нет 11 дн."
100000005140601100,consolidator,0.7239435091820883,6,0.4257197370240844,"Получает от 3 контрагентов; входящий оборот 52,685 KZT; достижим от 1 seed."
100000005142492100,peripheral,1.0,8,0.2681247196052041,"Входящих: 1, исходящих: 1; выраженные признаки основной структурной роли не достигли порога."
100000005142589100,terminal,0.6457486076933039,0,0.2619119295478237,"Получил 50,000 KZT от 1 контрагентов; исходящих в выборке нет 5 дн."
100000005146665100,peripheral,0.49,57,0.03066397487662629,"Входящих: 1, исходящих: 0; выраженные признаки основной структурной роли не достигли порога. Граница depth=4: дальнейшие переводы не наблюдаются."
100000005168487100,peripheral,1.0,11,0.6102130946018575,"Входящих: 1, исходящих: 1; выраженные признаки основной структурной роли не достигли порога."
100000005171642100,transit,0.6867393800229621,8,0.3782128019557046,"Вход 696,800 KZT, выход 683,600 KZT; совпадение потока за 1–2 дня: 0%."
100000005172860100,terminal,0.6265185856754306,0,0.10981157469717363,"Получил 15,209 KZT от 1 контрагентов; исходящих в выборке нет 30 дн."
100000005175148100,peripheral,1.0,15,0.6021507899448955,"Входящих: 2, исходящих: 1; выраженные признаки основной структурной роли не достигли порога."
100000005182219100,terminal,0.6792837715321849,5,0.4218192103535581,"Получил 55,000 KZT от 2 контрагентов; исходящих в выборке нет 17 дн."
100000005183943100,terminal,0.6713638129775936,44,0.35848362494392105,"Получил 680,900 KZT от 1 контрагентов; исходящих в выборке нет 2 дн."
100000005186109100,peripheral,0.49,15,0.3883329344042943,"Входящих: 1, исходящих: 0; выраженные признаки основной структурной роли не достигли порога."
100000005186131100,transit,0.7,0,0.2413542856205665,"Вход 10,000 KZT, выход 10,000 KZT; совпадение потока за 1–2 дня: 0%."
100000005187208100,terminal,0.6233227561196736,5,0.13179452669358455,"Получил 14,160 KZT от 1 контрагентов; исходящих в выборке нет 14 дн."
100000005189258100,peripheral,0.49,5,0.1649528936742934,"Входящих: 1, исходящих: 0; выраженные признаки основной структурной роли не достигли порога. Граница depth=4: дальнейшие переводы не наблюдаются."
100000005198498100,terminal,0.6526971894832275,1,0.17012561686855093,"Получил 28,800 KZT от 1 контрагентов; исходящих в выборке нет 22 дн."
100000005198906100,peripheral,1.0,5,0.4348367530162924,"Входящих: 1, исходящих: 1; выраженные признаки основной структурной роли не достигли порога."
100000005203590100,terminal,0.664821590467556,8,0.1678286227007627,"Получил 90,000 KZT от 1 контрагентов; исходящих в выборке нет 5 дн."
100000005205745100,terminal,0.6060856754306436,8,0.2545105925469592,"Получил 6,000 KZT от 1 контрагентов; исходящих в выборке нет 12 дн."
100000005209352100,peripheral,0.49,0,0.15821296140067254,"Входящих: 1, исходящих: 0; выраженные признаки основной структурной роли не достигли порога. Граница depth=4: дальнейшие переводы не наблюдаются."
100000005222360100,peripheral,1.0,14,0.4252949158759439,"Входящих: 1, исходящих: 1; выраженные признаки основной структурной роли не достигли порога."
100000005226217100,peripheral,0.49,2,0.1706737061292504,"Входящих: 1, исходящих: 0; выраженные признаки основной структурной роли не достигли порога. Граница depth=4: дальнейшие переводы не наблюдаются."
100000005228059100,terminal,0.6489913871260199,1,0.12036787797218484,"Получил 26,000 KZT от 1 контрагентов; исходящих в выборке нет 23 дн."
100000005233755100,peripheral,1.0,16,0.20323778002967413,"Входящих: 1, исходящих: 1; выраженные признаки основной структурной роли не достигли порога."
100000005235389100,peripheral,0.2,80,0.0,0 входящих и 0 исходящих связей; seed; данных для выраженной структурной роли недостаточно.
100000005237935150,terminal,0.6597008159564823,9,0.14055630327501123,"Получил 34,508 KZT от 1 контрагентов; исходящих в выборке нет 11 дн."
100000005241556100,terminal,0.6978467815049864,20,0.1599865410497981,"Получил 100,000 KZT от 1 контрагентов; исходящих в выборке нет 23 дн."
100000005242320100,distributor,0.9672190201729107,9,0.5168112065240956,"Направляет 8,936,295 KZT 21 получателям; 29 исходящих операций."
100000005264874100,peripheral,1.0,37,0.28356190330676745,"Входящих: 1, исходящих: 2; выраженные признаки основной структурной роли не достигли порога."
100000005264990100,peripheral,1.0,19,0.41698974355067425,"Входящих: 1, исходящих: 2; выраженные признаки основной структурной роли не достигли порога."
100000005265073100,peripheral,1.0,19,0.28774457195842135,"Входящих: 1, исходящих: 1; выраженные признаки основной структурной роли не достигли порога."
100000005268319100,distributor,0.7655619596541786,0,0.4038084807233591,"Направляет 91,000 KZT 5 получателям; 10 исходящих операций."
100000005272139100,peripheral,0.49,4,0.17627635711081202,"Входящих: 1, исходящих: 0; выраженные признаки основной структурной роли не достигли порога. Граница depth=4: дальнейшие переводы не наблюдаются."
100000005287097100,distributor,0.9119596541786743,4,0.659057424697882,"Направляет 697,300 KZT 9 получателям; 42 исходящих операций."
100000005293969100,peripheral,0.49,0,0.10005383580080754,"Входящих: 1, исходящих: 0; выраженные признаки основной структурной роли не достигли порога. Граница depth=4: дальнейшие переводы не наблюдаются."
100000005308954100,peripheral,1.0,4,0.286570656492689,"Входящих: 1, исходящих: 1; выраженные признаки основной структурной роли не достигли порога."
100000005314565100,terminal,0.7204555757026292,0,0.25489008524001794,"Получил 218,500 KZT от 1 контрагентов; исходящих в выборке нет 24 дн."
100000005316708100,peripheral,1.0,9,0.3282127567751689,"Входящих: 1, исходящих: 2; выраженные признаки основной структурной роли не достигли порога."
100000005317181100,peripheral,1.0,0,0.3857374170696468,"Входящих: 1, исходящих: 1; выраженные признаки основной структурной роли не достигли порога."
100000005326681100,terminal,0.61432780727885,15,0.3171171425693908,"Получил 31,228 KZT от 1 контрагентов; исходящих в выборке нет 4 дн."
100000005328215100,terminal,0.6512692656391659,11,0.13542844324809333,"Получил 27,000 KZT от 1 контрагентов; исходящих в выборке нет 11 дн."
100000005339662100,consolidator,0.901735547109917,15,0.7098616313732303,"Получает от 4 контрагентов; входящий оборот 202,939 KZT; достижим от 3 seed."
100000005342513100,peripheral,1.0,1,0.3340511440107672,"Входящих: 1, исходящих: 1; выраженные признаки основной структурной роли не достигли порога."
100000005357034100,terminal,0.6120353581142339,0,0.14977195646572417,"Получил 9,754 KZT от 1 контрагентов; исходящих в выборке нет 15 дн."
100000005357705100,peripheral,1.0,6,0.40233953179031,"Входящих: 1, исходящих: 4; выраженные признаки основной структурной роли не достигли порога."
100000005360814100,peripheral,0.49,6,0.3020592193808883,"Входящих: 1, исходящих: 0; выраженные признаки основной структурной роли не достигли порога. Граница depth=4: дальнейшие переводы не наблюдаются."
100000005362848100,terminal,0.6530031731640978,7,0.1343158366980709,"Получил 29,000 KZT от 1 контрагентов; исходящих в выборке нет 28 дн."
100000005363908100,transit,0.7,49,0.2000942126514132,"Вход 19,500 KZT, выход 19,500 KZT; совпадение потока за 1–2 дня: 0%."
100000005367180100,peripheral,0.49,6,0.21370121130551817,"Входящих: 1, исходящих: 0; выраженные признаки основной структурной роли не достигли порога. Граница depth=4: дальнейшие переводы не наблюдаются."
100000005367284100,peripheral,1.0,0,0.34209850115550544,"Входящих: 1, исходящих: 2; выраженные признаки основной структурной роли не достигли порога."
100000005367445100,transit,1.0,2,0.3560206370569762,"Вход 5,000 KZT, выход 5,000 KZT; совпадение потока за 1–2 дня: 100%."
100000005370558100,peripheral,0.49,0,0.10951547779273217,"Входящих: 1, исходящих: 0; выраженные признаки основной структурной роли не достигли порога. Граница depth=4: дальнейшие переводы не наблюдаются."
100000005370580100,terminal,0.5880747312524284,13,0.2228450834284877,"Получил 24,075 KZT от 1 контрагентов; исходящих в выборке нет 3 дн."
100000005375968100,peripheral,1.0,0,0.4443096293076646,"Входящих: 1, исходящих: 2; выраженные признаки основной структурной роли не достигли порога."
100000005382566100,consolidator,0.9657184950135993,19,0.7627614200402475,"Получает от 7 контрагентов; входящий оборот 393,066 KZT; достижим от 11 seed."
100000005386383100,peripheral,1.0,19,0.6554825422702039,"Входящих: 2, исходящих: 1; выраженные признаки основной структурной роли не достигли порога."
100000005392290100,peripheral,1.0,69,0.07888290713324361,"Входящих: 0, исходящих: 1; выраженные признаки основной структурной роли не достигли порога."
100000005394708100,peripheral,1.0,19,0.3124760349048924,"Входящих: 1, исходящих: 1; выраженные признаки основной структурной роли не достигли порога."
100000005395727100,peripheral,0.49,15,0.38364921973403854,"Входящих: 1, исходящих: 0; выраженные признаки основной структурной роли не достигли порога."
100000005402643100,peripheral,1.0,2,0.21793016400146498,"Входящих: 1, исходящих: 1; выраженные признаки основной структурной роли не достигли порога."
100000005409156100,terminal,0.7250453309156845,5,0.43263082583542933,"Получил 260,080 KZT от 2 контрагентов; исходящих в выборке нет 14 дн."
100000005409680100,terminal,0.6796237533998186,17,0.4632468391427137,"Получил 55,060 KZT от 2 контрагентов; исходящих в выборке нет 29 дн."
100000005413948100,peripheral,1.0,2,0.36374180535676703,"Входящих: 2, исходящих: 1; выраженные признаки основной структурной роли не достигли порога."
100000005417257100,peripheral,1.0,19,0.22008972633467921,"Входящих: 0, исходящих: 2; выраженные признаки основной структурной роли не достигли порога."
100000005432267100,terminal,0.7316409791477788,3,0.5148745905977429,"Получил 350,001 KZT от 2 контрагентов; исходящих в выборке нет 9 дн."
100000005454368100,terminal,0.6719741613780598,13,0.30434135313920335,"Получил 48,600 KZT от 2 контрагентов; исходящих в выборке нет 11 дн."
100000005456919100,peripheral,1.0,43,0.46417227456258414,"Входящих: 2, исходящих: 1; выраженные признаки основной структурной роли не достигли порога."
100000005473151100,consolidator,0.8958920971591251,7,0.5646758777918657,"Получает от 3 контрагентов; входящий оборот 1,220,000 KZT; достижим от 2 seed."
100000005474472100,terminal,0.6978467815049864,24,0.15917900403768503,"Получил 100,000 KZT от 1 контрагентов; исходящих в выборке нет 14 дн."
100000005475379100,peripheral,1.0,11,0.4155235995988529,"Входящих: 1, исходящих: 3; выраженные признаки основной структурной роли не достигли порога."
100000005480435100,peripheral,0.2,81,0.0,0 входящих и 0 исходящих связей; seed; данных для выраженной структурной роли недостаточно.
100000005481280100,peripheral,1.0,15,0.5798073306864213,"Входящих: 1, исходящих: 3; выраженные признаки основной структурной роли не достигли порога."
100000005485830100,distributor,0.7949567723342938,46,0.2159847465231045,"Направляет 275,885 KZT 5 получателям; 9 исходящих операций."
100000005493505100,consolidator,0.8331631017895605,13,0.6160592292600028,"Получает от 3 контрагентов; входящий оборот 62,020 KZT; достижим от 6 seed."
100000005495211100,peripheral,0.49,0,0.1825310412571104,"Входящих: 1, исходящих: 0; выраженные признаки основной структурной роли не достигли порога. Граница depth=4: дальнейшие переводы не наблюдаются."
100000005495722100,peripheral,0.2,82,0.0,0 входящих и 0 исходящих связей; seed; данных для выраженной структурной роли недостаточно.
100000005496254100,terminal,0.6207388939256573,0,0.0929654553611485,"Получил 12,700 KZT от 1 контрагентов; исходящих в выборке нет 14 дн."
100000005497148100,peripheral,0.49,5,0.33563217173044957,"Входящих: 1, исходящих: 0; выраженные признаки основной структурной роли не достигли порога. Граница depth=4: дальнейшие переводы не наблюдаются."
100000005498992100,distributor,0.9398414985590777,2,0.30007811045027943,"Направляет 2,262,868 KZT 16 получателям; 19 исходящих операций."
100000005505655100,peripheral,1.0,26,0.47641707134236355,"Входящих: 2, исходящих: 1; выраженные признаки основной структурной роли не достигли порога."
100000005507142100,consolidator,0.7149226569608735,37,0.3667771544117664,"Получает от 3 контрагентов; входящий оборот 51,000 KZT; достижим от 1 seed."
100000005514161100,consolidator,0.9502981879183005,9,0.6930122825124199,"Получает от 4 контрагентов; входящий оборот 401,500 KZT; достижим от 6 seed."
100000005519347100,peripheral,1.0,4,0.5886895931673425,"Входящих: 2, исходящих: 1; выраженные признаки основной структурной роли не достигли порога."
100000005519998100,consolidator,0.789967987876558,34,0.48886327302374233,"Получает от 3 контрагентов; входящий оборот 182,000 KZT; достижим от 1 seed."
100000005523088100,terminal,0.7430303717135086,19,0.5316815970764387,"Получил 700,000 KZT от 1 контрагентов; исходящих в выборке нет 26 дн."
100000005527892100,consolidator,0.8879922982815499,20,0.7629411678828709,"Получает от 3 контрагентов; входящий оборот 220,001 KZT; достижим от 4 seed."
100000005530114100,peripheral,1.0,16,0.44529050904816214,"Входящих: 2, исходящих: 1; выраженные признаки основной структурной роли не достигли порога."
100000005532138100,terminal,0.6480054397098821,10,0.1767788245850157,"Получил 25,046 KZT от 1 контрагентов; исходящих в выборке нет 22 дн."
100000005539201100,peripheral,1.0,4,0.33424008077339706,"Входящих: 1, исходящих: 1; выраженные признаки основной структурной роли не достигли порога."
100000005539910100,peripheral,1.0,3,0.5499647257159075,"Входящих: 1, исходящих: 2; выраженные признаки основной структурной роли не достигли порога."
100000005543136100,peripheral,1.0,13,0.08386271870794079,"Входящих: 0, исходящих: 1; выраженные признаки основной структурной роли не достигли порога."
100000005546031100,consolidator,0.7419058845220703,49,0.4275830773736098,"Получает от 3 контрагентов; входящий оборот 66,800 KZT; достижим от 1 seed."
100000005547096100,peripheral,1.0,49,0.3415057584384322,"Входящих: 1, исходящих: 2; выраженные признаки основной структурной роли не достигли порога."
100000005550592100,peripheral,0.2,83,0.0,0 входящих и 0 исходящих связей; seed; данных для выраженной структурной роли недостаточно.
100000005553088100,peripheral,0.49,6,0.06832211754149844,"Входящих: 1, исходящих: 0; выраженные признаки основной структурной роли не достигли порога. Граница depth=4: дальнейшие переводы не наблюдаются."
100000005560900100,peripheral,0.2,84,0.0,0 входящих и 0 исходящих связей; seed; данных для выраженной структурной роли недостаточно.
100000005561741100,terminal,0.6468834995466908,7,0.2697629838322562,"Получил 25,000 KZT от 1 контрагентов; исходящих в выборке нет 21 дн."
100000005567828100,peripheral,0.49,7,0.24742561281386233,"Входящих: 1, исходящих: 0; выраженные признаки основной структурной роли не достигли порога. Граница depth=4: дальнейшие переводы не наблюдаются."
100000005568407100,peripheral,0.2,85,0.0,0 входящих и 0 исходящих связей; seed; данных для выраженной структурной роли недостаточно.
100000005572303100,peripheral,1.0,4,0.4749035347244031,"Входящих: 1, исходящих: 1; выраженные признаки основной структурной роли не достигли порога."
100000005578559100,distributor,0.9351585014409222,7,0.5890445525332153,"Направляет 893,164 KZT 21 получателям; 23 исходящих операций."
100000005584222100,peripheral,1.0,0,0.47278055513728234,"Входящих: 2, исходящих: 2; выраженные признаки основной структурной роли не достигли порога."
100000005588444100,terminal,0.6201949229374433,10,0.08816509645580978,"Получил 12,300 KZT от 1 контрагентов; исходящих в выборке нет 8 дн."
100000005589319100,peripheral,0.49,3,0.14495737999102737,"Входящих: 1, исходящих: 0; выраженные признаки основной структурной роли не достигли порога. Граница depth=4: дальнейшие переводы не наблюдаются."
100000005602999100,peripheral,1.0,33,0.6135745358076484,"Входящих: 1, исходящих: 2; выраженные признаки основной структурной роли не достигли порога."
100000005608515100,terminal,0.6831255666364461,10,0.24941677882458502,"Получил 64,000 KZT от 1 контрагентов; исходящих в выборке нет 17 дн."
100000005610717100,consolidator,0.928469454634849,0,0.6174498904132948,"Получает от 4 контрагентов; входящий оборот 484,500 KZT; достижим от 3 seed."
100000005612411100,consolidator,0.8482790647889741,3,0.6618344695412989,"Получает от 3 контрагентов; входящий оборот 115,500 KZT; достижим от 3 seed."
100000005614315100,terminal,0.7368087035358114,4,0.28893674293405114,"Получил 455,000 KZT от 1 контрагентов; исходящих в выборке нет 14 дн."
100000005616568100,peripheral,0.49,5,0.410926025476524,"Входящих: 1, исходящих: 0; выраженные признаки основной структурной роли не достигли порога. Граница depth=4: дальнейшие переводы не наблюдаются."
100000005619339100,transit,0.6430750009186785,4,0.26340846455488925,"Вход 5,000 KZT, выход 5,443 KZT; совпадение потока за 1–2 дня: 0%."
100000005620225100,terminal,0.6729601087941977,0,0.20084791386271872,"Получил 49,846 KZT от 2 контрагентов; исходящих в выборке нет 28 дн."
100000005621418100,peripheral,0.49,27,0.09738896366083445,"Входящих: 1, исходящих: 0; выраженные признаки основной структурной роли не достигли порога. Граница depth=4: дальнейшие переводы не наблюдаются."
100000005628518100,terminal,0.6749255277813755,17,0.2967160161507403,"Получил 77,000 KZT от 1 контрагентов; исходящих в выборке нет 6 дн."
100000005634552100,peripheral,1.0,0,0.37975274406319476,"Входящих: 1, исходящих: 3; выраженные признаки основной структурной роли не достигли порога."
100000005636951100,peripheral,0.49,8,0.1433602512337371,"Входящих: 1, исходящих: 0; выраженные признаки основной структурной роли не достигли порога. Граница depth=4: дальнейшие переводы не наблюдаются."
100000005660203100,peripheral,0.49,4,0.6926546518691495,"Входящих: 1, исходящих: 2; выраженные признаки основной структурной роли не достигли порога."
100000005661528100,terminal,0.6468834995466908,6,0.11959174517720951,"Получил 25,000 KZT от 1 контрагентов; исходящих в выборке нет 12 дн."
100000005661829100,transit,0.7839056538328131,17,0.3249903610975087,"Вход 37,790 KZT, выход 40,362 KZT; совпадение потока за 1–2 дня: 43%."
100000005664632100,peripheral,0.49,66,0.5771663350977768,"Входящих: 1, исходящих: 0; выраженные признаки основной структурной роли не достигли порога."
100000005664922100,peripheral,1.0,24,0.35407185228533017,"Входящих: 2, исходящих: 3; выраженные признаки основной структурной роли не достигли порога."
100000005665181100,distributor,0.839121037463977,5,0.6578555542569245,"Направляет 181,915 KZT 11 получателям; 11 исходящих операций."
100000005667841100,terminal,0.7153898458748866,2,0.28994243650161466,"Получил 186,000 KZT от 2 контрагентов; исходящих в выборке нет 14 дн."
100000005668605100,consolidator,0.8549128359499323,19,0.6058000358382153,"Получает от 3 контрагентов; входящий оборот 94,500 KZT; достижим от 7 seed."
100000005669845100,terminal,0.6368880326382592,29,0.14297218483624946,"Получил 20,000 KZT от 1 контрагентов; исходящих в выборке нет 27 дн."
100000005674387100,terminal,0.6501473254759745,1,0.11716689098250338,"Получил 26,200 KZT от 1 контрагентов; исходящих в выборке нет 18 дн."
100000005685783100,peripheral,0.49,1,0.22588156123822342,"Входящих: 1, исходящих: 0; выраженные признаки основной структурной роли не достигли порога. Граница depth=4: дальнейшие переводы не наблюдаются."
100000005704413100,distributor,0.959149855907781,7,0.6016234341518473,"Направляет 1,363,593 KZT 32 получателям; 35 исходящих операций."
100000005709551100,terminal,0.6454895738893925,13,0.30874567554381876,"Получил 24,560 KZT от 1 контрагентов; исходящих в выборке нет 28 дн."
100000005711521100,peripheral,0.49,13,0.24011740285423916,"Входящих: 1, исходящих: 0; выраженные признаки основной структурной роли не достигли порога. Граница depth=4: дальнейшие переводы не наблюдаются."
100000005723580100,peripheral,0.49,2,0.11500672947510093,"Входящих: 1, исходящих: 0; выраженные признаки основной структурной роли не достигли порога. Граница depth=4: дальнейшие переводы не наблюдаются."
100000005730108100,terminal,0.6095874886672711,0,0.2550702965285326,"Получил 8,000 KZT от 1 контрагентов; исходящих в выборке нет 17 дн."
100000005744674100,peripheral,1.0,19,0.15405114401076714,"Входящих: 0, исходящих: 1; выраженные признаки основной структурной роли не достигли порога."
100000005745873100,peripheral,0.49,41,0.2618446347968143,"Входящих: 1, исходящих: 0; выраженные признаки основной структурной роли не достигли порога. Граница depth=4: дальнейшие переводы не наблюдаются."
100000005754335100,terminal,0.6673164097914778,42,0.17818304172274563,"Получил 44,037 KZT от 1 контрагентов; исходящих в выборке нет 20 дн."
100000005756189100,peripheral,1.0,5,0.4014361249319496,"Входящих: 1, исходящих: 1; выраженные признаки основной структурной роли не достигли порога."
100000005756535100,terminal,0.6368880326382592,1,0.12117541498429789,"Получил 20,000 KZT от 1 контрагентов; исходящих в выборке нет 13 дн."
100000005767403100,peripheral,0.49,34,0.2900358905338717,"Входящих: 1, исходящих: 0; выраженные признаки основной структурной роли не достигли порога. Граница depth=4: дальнейшие переводы не наблюдаются."
100000005778283100,consolidator,0.9240303762507249,10,0.5434011047460752,"Получает от 3 контрагентов; входящий оборот 615,760 KZT; достижим от 4 seed."
100000005782781100,consolidator,0.9018488743991281,10,0.6960118129156576,"Получает от 6 контрагентов; входящий оборот 171,888 KZT; достижим от 3 seed."
100000005782886100,peripheral,0.49,2,0.16310080348232353,"Входящих: 1, исходящих: 0; выраженные признаки основной структурной роли не достигли порога. Граница depth=4: дальнейшие переводы не наблюдаются."
100000005783452100,peripheral,0.49,9,0.33759552912408997,"Входящих: 2, исходящих: 0; выраженные признаки основной структурной роли не достигли порога. Граница depth=4: дальнейшие переводы не наблюдаются."
100000005799271100,terminal,0.6398669213832405,11,0.4260043790636808,"Получил 45,000 KZT от 1 контрагентов; исходящих в выборке нет 5 дн."
100000005807278100,terminal,0.6100634632819583,46,0.10328398384925977,"Получил 8,385 KZT от 1 контрагентов; исходящих в выборке нет 12 дн."
100000005809252100,peripheral,0.49,5,0.3112894171319749,"Входящих: 1, исходящих: 0; выраженные признаки основной структурной роли не достигли порога."
100000005815602100,peripheral,1.0,4,0.32691239390781957,"Входящих: 1, исходящих: 1; выраженные признаки основной структурной роли не достигли порога."
100000005820746100,peripheral,1.0,24,0.3252265589950651,"Входящих: 1, исходящих: 1; выраженные признаки основной структурной роли не достигли порога."
100000005830339100,consolidator,0.9129251887275748,3,0.44025230420959144,"Получает от 5 контрагентов; входящий оборот 476,341 KZT; достижим от 2 seed."
100000005834479100,peripheral,1.0,6,0.2912188649723134,"Входящих: 1, исходящих: 2; выраженные признаки основной структурной роли не достигли порога."
100000005844459100,peripheral,0.49,0,0.32508375547873447,"Входящих: 2, исходящих: 0; выраженные признаки основной структурной роли не достигли порога."
100000005847078100,terminal,0.628660471441523,1,0.14858008075370122,"Получил 16,300 KZT от 1 контрагентов; исходящих в выборке нет 8 дн."
100000005849100100,terminal,0.6586808703535811,3,0.38074641585147806,"Получил 33,300 KZT от 1 контрагентов; исходящих в выборке нет 16 дн."
100000005849862100,peripheral,0.49,10,0.14728577837595336,"Входящих: 1, исходящих: 0; выраженные признаки основной структурной роли не достигли порога. Граница depth=4: дальнейшие переводы не наблюдаются."
100000005852946100,terminal,0.6440616500453309,3,0.36822510584699175,"Получил 23,746 KZT от 1 контрагентов; исходящих в выборке нет 15 дн."
100000005857058100,consolidator,0.8202192279802706,0,0.4613811163454372,"Получает от 3 контрагентов; входящий оборот 80,222 KZT; достижим от 3 seed."
100000005873152100,transit,0.7,11,0.5049933138143607,"Вход 10,000 KZT, выход 10,000 KZT; совпадение потока за 1–2 дня: 0%."
100000005877725100,terminal,0.6857774252039891,1,0.15996410946612832,"Получил 70,000 KZT от 1 контрагентов; исходящих в выборке нет 30 дн."
100000005878334100,peripheral,0.49,20,0.3414991884082993,"Входящих: 1, исходящих: 0; выраженные признаки основной структурной роли не достигли порога. Граница depth=4: дальнейшие переводы не наблюдаются."
100000005882013100,peripheral,1.0,13,0.6951925126905213,"Входящих: 2, исходящих: 1; выраженные признаки основной структурной роли не достигли порога."
100000005888829100,peripheral,0.49,2,0.25610663569407766,"Входящих: 1, исходящих: 0; выраженные признаки основной структурной роли не достигли порога. Граница depth=4: дальнейшие переводы не наблюдаются."
100000005893892100,terminal,0.699546690843155,5,0.3273952942068964,"Получил 102,780 KZT от 1 контрагентов; исходящих в выборке нет 21 дн."
100000005895525100,terminal,0.7036264732547597,46,0.245814266487214,"Получил 120,000 KZT от 1 контрагентов; исходящих в выборке нет 18 дн."
100000005897462100,terminal,0.696622846781505,11,0.49940516410371105,"Получил 98,400 KZT от 1 контрагентов; исходящих в выборке нет 16 дн."
100000005901606100,terminal,0.6611967361740707,1,0.13321668909825035,"Получил 35,660 KZT от 1 контрагентов; исходящих в выборке нет 8 дн."
100000005904580100,terminal,0.6870353581142339,12,0.23152983400628085,"Получил 72,000 KZT от 2 контрагентов; исходящих в выборке нет 30 дн."
100000005910114100,distributor,0.9560518731988472,0,0.7929649836724719,"Направляет 1,469,993 KZT 19 получателям; 56 исходящих операций."
100000005910895100,peripheral,0.49,33,0.2070794078061911,"Входящих: 1, исходящих: 0; выраженные признаки основной структурной роли не достигли порога. Граница depth=4: дальнейшие переводы не наблюдаются."
100000005911352100,peripheral,1.0,38,0.40597587874511953,"Входящих: 2, исходящих: 3; выраженные признаки основной структурной роли не достигли порога."
100000005931985100,peripheral,0.49,9,0.17151637505607897,"Входящих: 1, исходящих: 0; выраженные признаки основной структурной роли не достигли порога."
100000005932987100,peripheral,0.49,34,0.2621085688649619,"Входящих: 1, исходящих: 0; выраженные признаки основной структурной роли не достигли порога."
100000005933757100,distributor,0.978314121037464,14,0.6408414148021935,"Направляет 3,002,628 KZT 34 получателям; 46 исходящих операций."
100000005939154100,terminal,0.6409338168631006,4,0.3387367029103508,"Получил 22,000 KZT от 1 контрагентов; исходящих в выборке нет 11 дн."
100000005940652100,terminal,0.6101654578422484,40,0.39026189364421027,"Получил 8,395 KZT от 1 контрагентов; исходящих в выборке нет 15 дн."
100000005941908100,terminal,0.6004015023960627,14,0.18184014848008034,"Получил 10,000 KZT от 1 контрагентов; исходящих в выборке нет 6 дн."
100000005942793100,consolidator,0.8247183213619568,0,0.4443600970128836,"Получает от 4 контрагентов; входящий оборот 55,000 KZT; достижим от 3 seed."
100000005958064100,peripheral,1.0,14,0.342072529769142,"Входящих: 1, исходящих: 2; выраженные признаки основной структурной роли не достигли порога."
100000005961971100,terminal,0.6711242067089755,1,0.14430686406460297,"Получил 47,353 KZT от 1 контрагентов; исходящих в выборке нет 11 дн."
100000005974542100,terminal,0.6951609247506799,23,0.36359429832305923,"Получил 94,500 KZT от 1 контрагентов; исходящих в выборке нет 17 дн."
100000005979037100,peripheral,0.49,6,0.12381336922386721,"Входящих: 1, исходящих: 0; выраженные признаки основной структурной роли не достигли порога. Граница depth=4: дальнейшие переводы не наблюдаются."
100000005995391100,terminal,0.6305303717135086,1,0.15020188425302827,"Получил 17,200 KZT от 1 контрагентов; исходящих в выборке нет 17 дн."
100000005996909100,terminal,0.5336031602124077,15,0.1413331946891427,"Получил 5,500 KZT от 1 контрагентов; исходящих в выборке нет 2 дн."
100000006008169100,terminal,0.6857774252039891,12,0.15592642440556304,"Получил 70,000 KZT от 1 контрагентов; исходящих в выборке нет 19 дн."
100000006020215100,transit,0.621301775147929,13,0.5019478852409369,"Вход 30,000 KZT, выход 33,800 KZT; совпадение потока за 1–2 дня: 0%."
100000006030946100,terminal,0.6873753399818676,1,0.16179901301031854,"Получил 73,289 KZT от 1 контрагентов; исходящих в выборке нет 23 дн."
100000006048193100,terminal,0.6376570392436213,0,0.2592291121409148,"Получил 41,559 KZT от 1 контрагентов; исходящих в выборке нет 5 дн."
100000006069103100,consolidator,0.8453934570865956,54,0.5380461641784332,"Получает от 3 контрагентов; входящий оборот 228,818 KZT; достижим от 2 seed."
100000006100920100,terminal,0.6978467815049864,0,0.1844279946164199,"Получил 100,000 KZT от 1 контрагентов; исходящих в выборке нет 27 дн."
100000006111439100,consolidator,0.7086074190086264,5,0.3864986522762898,"Получает от 3 контрагентов; входящий оборот 20,570 KZT; достижим от 2 seed."
100000006111442100,terminal,0.6831255666364461,2,0.15174966352624497,"Получил 64,000 KZT от 1 контрагентов; исходящих в выборке нет 14 дн."
100000006122699100,terminal,0.6692203082502266,4,0.28039555449174475,"Получил 45,865 KZT от 2 контрагентов; исходящих в выборке нет 30 дн."
100000006126743100,terminal,0.6792837715321849,5,0.3081624543684038,"Получил 55,000 KZT от 1 контрагентов; исходящих в выборке нет 17 дн."
100000006161893100,terminal,0.622812783318223,4,0.11049349484073576,"Получил 14,000 KZT от 1 контрагентов; исходящих в выборке нет 15 дн."
100000006165886100,peripheral,0.49,0,0.3549108038493177,"Входящих: 2, исходящих: 1; выраженные признаки основной структурной роли не достигли порога."
100000006169033100,peripheral,1.0,42,0.4068540396698251,"Входящих: 1, исходящих: 3; выраженные признаки основной структурной роли не достигли порога."
100000006171671100,peripheral,0.49,0,0.17118065992018802,"Входящих: 1, исходящих: 0; выраженные признаки основной структурной роли не достигли порога. Граница depth=4: дальнейшие переводы не наблюдаются."
100000006177176100,terminal,0.6107434270172257,4,0.15043593134235045,"Получил 8,911 KZT от 1 контрагентов; исходящих в выборке нет 15 дн."
100000006209210100,terminal,0.721441523118767,10,0.25725437415881564,"Получил 229,111 KZT от 1 контрагентов; исходящих в выборке нет 22 дн."
100000006225798100,consolidator,0.9166154201833531,16,0.6220858969946892,"Получает от 3 контрагентов; входящий оборот 722,000 KZT; достижим от 3 seed."
100000006232642100,peripheral,0.49,42,0.22841633019291163,"Входящих: 1, исходящих: 0; выраженные признаки основной структурной роли не достигли порога. Граница depth=4: дальнейшие переводы не наблюдаются."
100000006232815100,distributor,0.7582132564841498,29,0.34244334620808875,"Направляет 296,500 KZT 5 получателям; 5 исходящих операций."
100000006240939100,distributor,0.7881844380403458,8,0.3038224400835615,"Направляет 778,015 KZT 5 получателям; 5 исходящих операций."
100000006248077100,terminal,0.6743200362647325,4,0.3956679053086337,"Получил 50,000 KZT от 1 контрагентов; исходящих в выборке нет 9 дн."
100000006249740100,peripheral,1.0,53,0.13837146702557201,"Входящих: 0, исходящих: 3; выраженные признаки основной структурной роли не достигли порога."
100000006257675100,peripheral,0.49,22,0.22111260655002246,"Входящих: 1, исходящих: 0; выраженные признаки основной структурной роли не достигли порога. Граница depth=4: дальнейшие переводы не наблюдаются."
100000006274203100,peripheral,0.49,17,0.7106038397320344,"Входящих: 2, исходящих: 3; выраженные признаки основной структурной роли не достигли порога."
100000006288612100,peripheral,0.49,12,0.18424405563032747,"Входящих: 1, исходящих: 0; выраженные признаки основной структурной роли не достигли порога. Граница depth=4: дальнейшие переводы не наблюдаются."
100000006308406100,peripheral,0.49,22,0.25398384925975775,"Входящих: 1, исходящих: 0; выраженные признаки основной структурной роли не достигли порога. Граница depth=4: дальнейшие переводы не наблюдаются."
100000006326645100,terminal,0.6481414324569356,1,0.11951996410946614,"Получил 25,264 KZT от 1 контрагентов; исходящих в выборке нет 13 дн."
100000006351075100,peripheral,0.49,41,0.23157096947604267,"Входящих: 1, исходящих: 0; выраженные признаки основной структурной роли не достигли порога. Граница depth=4: дальнейшие переводы не наблюдаются."
100000006369769100,terminal,0.6646645512239348,1,0.187559443696725,"Получил 40,000 KZT от 1 контрагентов; исходящих в выборке нет 21 дн."
100000006381453100,peripheral,0.49,2,0.1436294302377748,"Входящих: 1, исходящих: 0; выраженные признаки основной структурной роли не достигли порога. Граница depth=4: дальнейшие переводы не наблюдаются."
100000006385877100,peripheral,0.49,2,0.30443696724988784,"Входящих: 1, исходящих: 1; выраженные признаки основной структурной роли не достигли порога."
100000006412162100,peripheral,0.49,18,0.14765365634813818,"Входящих: 1, исходящих: 0; выраженные признаки основной структурной роли не достигли порога. Граница depth=4: дальнейшие переводы не наблюдаются."
100000006416061100,peripheral,0.49,0,0.12258411843876177,"Входящих: 1, исходящих: 0; выраженные признаки основной структурной роли не достигли порога. Граница depth=4: дальнейшие переводы не наблюдаются."
100000006424479100,peripheral,1.0,13,0.6932602583201073,"Входящих: 1, исходящих: 2; выраженные признаки основной структурной роли не достигли порога."
100000006443391100,consolidator,0.7566837630352162,2,0.33139194155654966,"Получает от 3 контрагентов; входящий оборот 86,776 KZT; достижим от 1 seed."
100000006444163100,terminal,0.6064596554850408,0,0.1769313593539704,"Получил 6,026 KZT от 1 контрагентов; исходящих в выборке нет 21 дн."
100000006445501100,terminal,0.6940049864007253,11,0.4459641591687627,"Получил 91,000 KZT от 1 контрагентов; исходящих в выборке нет 17 дн."
100000006446271100,terminal,0.6755374951431162,3,0.5096652135185934,"Получил 80,000 KZT от 2 контрагентов; исходящих в выборке нет 6 дн."
100000006471232100,terminal,0.6663644605621033,1,0.13430237774786902,"Получил 41,800 KZT от 1 контрагентов; исходящих в выборке нет 15 дн."
100000006476758100,terminal,0.6041137805983681,11,0.2651645091799458,"Получил 5,200 KZT от 1 контрагентов; исходящих в выборке нет 16 дн."
100000006490557100,terminal,0.6019378966455122,10,0.12846567967698522,"Получил 5,000 KZT от 1 контрагентов; исходящих в выборке нет 8 дн."
100000006490615100,peripheral,0.49,13,0.25153059262543703,"Входящих: 1, исходящих: 0; выраженные признаки основной структурной роли не достигли порога. Граница depth=4: дальнейшие переводы не наблюдаются."
100000006491272100,terminal,0.6501473254759745,1,0.11716689098250338,"Получил 26,200 KZT от 1 контрагентов; исходящих в выборке нет 30 дн."
100000006491963100,peripheral,0.49,18,0.16257963212202783,"Входящих: 1, исходящих: 0; выраженные признаки основной структурной роли не достигли порога. Граница depth=4: дальнейшие переводы не наблюдаются."
100000006492770100,peripheral,1.0,0,0.4820765826147342,"Входящих: 1, исходящих: 1; выраженные признаки основной структурной роли не достигли порога."
100000006512787100,peripheral,0.49,0,0.21853821936388473,"Входящих: 1, исходящих: 0; выраженные признаки основной структурной роли не достигли порога. Граница depth=4: дальнейшие переводы не наблюдаются."
100000006518161100,consolidator,0.9267468798388381,4,0.6893066207009265,"Получает от 3 контрагентов; входящий оборот 594,200 KZT; достижим от 3 seed."
100000006522972100,terminal,0.6118993653671804,5,0.11952893674293406,"Получил 9,515 KZT от 1 контрагентов; исходящих в выборке нет 14 дн."
100000006523053100,terminal,0.6019378966455122,3,0.3832050743773764,"Получил 5,000 KZT от 1 контрагентов; исходящих в выборке нет 14 дн."
100000006527156100,peripheral,0.49,47,0.09570210856886496,"Входящих: 1, исходящих: 0; выраженные признаки основной структурной роли не достигли порога. Граница depth=4: дальнейшие переводы не наблюдаются."
100000006530134100,terminal,0.7084542157751587,5,0.39814648789640406,"Получил 144,663 KZT от 2 контрагентов; исходящих в выборке нет 15 дн."
100000006532229100,terminal,0.7000226654578422,2,0.3514868150682692,"Получил 105,000 KZT от 1 контрагентов; исходящих в выборке нет 19 дн."
100000006534886100,peripheral,0.49,4,0.3639198221543694,"Входящих: 1, исходящих: 1; выраженные признаки основной структурной роли не достигли порога."
100000006557763100,terminal,0.614687216681777,3,0.34149563074604966,"Получил 10,000 KZT от 1 контрагентов; исходящих в выборке нет 25 дн."
100000006562026100,terminal,0.6879193109700815,53,0.28383207310995917,"Получил 75,000 KZT от 2 контрагентов; исходящих в выборке нет 7 дн."
100000006564102100,terminal,0.7220534904805077,3,0.4467088877466002,"Получил 233,235 KZT от 1 контрагентов; исходящих в выборке нет 8 дн."
100000006567935100,terminal,0.7182116953762466,30,0.3714015750503239,"Получил 200,000 KZT от 1 контрагентов; исходящих в выборке нет 13 дн."
100000006573438100,terminal,0.6019378966455122,42,0.10919246298788696,"Получил 5,000 KZT от 1 контрагентов; исходящих в выборке нет 20 дн."
100000006579678100,distributor,0.8836455331412104,4,0.5731416297135703,"Направляет 1,668,800 KZT 6 получателям; 15 исходящих операций."
100000006595426100,terminal,0.6913871260199456,0,0.22834903544190222,"Получил 84,800 KZT от 1 контрагентов; исходящих в выборке нет 16 дн."
100000006612238100,peripheral,1.0,1,0.2836698070883804,"Входящих: 1, исходящих: 1; выраженные признаки основной структурной роли не достигли порога."
100000006638021100,peripheral,0.49,48,0.38425827319968553,"Входящих: 2, исходящих: 0; выраженные признаки основной структурной роли не достигли порога. Граница depth=4: дальнейшие переводы не наблюдаются."
100000006641671100,transit,0.616,6,0.2878999169394782,"Вход 22,000 KZT, выход 25,000 KZT; совпадение потока за 1–2 дня: 0%."
100000006656003100,peripheral,1.0,1,0.20371467025572004,"Входящих: 1, исходящих: 1; выраженные признаки основной структурной роли не достигли порога."
100000006658598100,terminal,0.6110834088848595,4,0.15065576086231453,"Получил 9,000 KZT от 1 контрагентов; исходящих в выборке нет 12 дн."
100000006664478100,transit,0.6416666666666666,8,0.23750230494820512,"Вход 55,000 KZT, выход 60,000 KZT; совпадение потока за 1–2 дня: 0%."
100000006679055100,terminal,0.6468834995466908,3,0.31840920178877163,"Получил 25,000 KZT от 1 контрагентов; исходящих в выборке нет 16 дн."
100000006684930100,terminal,0.5718300738246341,13,0.39685244988208707,"Получил 10,000 KZT от 1 контрагентов; исходящих в выборке нет 4 дн."
100000006687202100,terminal,0.6743200362647325,0,0.14526917900403769,"Получил 50,000 KZT от 1 контрагентов; исходящих в выборке нет 16 дн."
100000006689603100,peripheral,0.49,6,0.23681022880215347,"Входящих: 1, исходящих: 0; выраженные признаки основной структурной роли не достигли порога. Граница depth=4: дальнейшие переводы не наблюдаются."
100000006693788100,peripheral,0.49,0,0.10784208165096455,"Входящих: 1, исходящих: 0; выраженные признаки основной структурной роли не достигли порога. Граница depth=4: дальнейшие переводы не наблюдаются."
100000006701983100,terminal,0.6512692656391659,1,0.11836922386720504,"Получил 27,000 KZT от 1 контрагентов; исходящих в выборке нет 28 дн."
100000006704530100,transit,0.66503884572697,27,0.3887566124488923,"Вход 450,500 KZT, выход 428,000 KZT; совпадение потока за 1–2 дня: 0%."
100000006706519100,peripheral,0.49,0,0.3354067702835797,"Входящих: 1, исходящих: 0; выраженные признаки основной структурной роли не достигли порога. Граница depth=4: дальнейшие переводы не наблюдаются."
100000006707582100,distributor,0.9103746397694524,11,0.5037856705756335,"Направляет 961,138 KZT 14 получателям; 15 исходящих операций."
100000006710485100,terminal,0.6368880326382592,1,0.1556639748766263,"Получил 20,000 KZT от 1 контрагентов; исходящих в выборке нет 7 дн."
100000006714366100,peripheral,1.0,13,0.36219431245998907,"Входящих: 1, исходящих: 1; выраженные признаки основной структурной роли не достигли порога."
100000006734214100,consolidator,0.94682847548707,5,0.7233212422875301,"Получает от 5 контрагентов; входящий оборот 610,000 KZT; достижим от 3 seed."
100000006734554100,peripheral,1.0,29,0.19926544614884534,"Входящих: 1, исходящих: 1; выраженные признаки основной структурной роли не достигли порога."
100000006735545100,peripheral,0.49,6,0.2819668509588031,"Входящих: 1, исходящих: 0; выраженные признаки основной структурной роли не достигли порога. Граница depth=4: дальнейшие переводы не наблюдаются."
100000006745291100,terminal,0.6908431550317317,11,0.4914778424348013,"Получил 82,534 KZT от 1 контрагентов; исходящих в выборке нет 14 дн."
100000006746688100,terminal,0.6658544877606527,1,0.13344100493494843,"Получил 41,000 KZT от 1 контрагентов; исходящих в выборке нет 10 дн."
100000006755850100,terminal,0.7361287398005439,5,0.6361778543372741,"Получил 443,476 KZT от 1 контрагентов; исходящих в выборке нет 9 дн."
100000006756956100,peripheral,0.49,0,0.42532261587580616,"Входящих: 1, исходящих: 0; выраженные признаки основной структурной роли не достигли порога. Граница depth=4: дальнейшие переводы не наблюдаются."
100000006787636100,terminal,0.6368880326382592,54,0.10361148497083894,"Получил 20,000 KZT от 1 контрагентов; исходящих в выборке нет 24 дн."
100000006788200100,consolidator,0.9028008236285027,8,0.6457013043758236,"Получает от 4 контрагентов; входящий оборот 272,156 KZT; достижим от 3 seed."
100000006789108100,terminal,0.6625906618313689,11,0.4118188025065823,"Получил 37,500 KZT от 1 контрагентов; исходящих в выборке нет 29 дн."
100000006831291100,peripheral,1.0,53,0.08606101390758189,"Входящих: 0, исходящих: 1; выраженные признаки основной структурной роли не достигли порога."
100000006844004100,terminal,0.6393019038984588,0,0.12289367429340511,"Получил 20,600 KZT от 1 контрагентов; исходящих в выборке нет 9 дн."
100000006844768100,peripheral,1.0,0,0.636804755935418,"Входящих: 1, исходящих: 2; выраженные признаки основной структурной роли не достигли порога."
100000006852430100,terminal,0.6621146872166818,11,0.4313534419728283,"Получил 37,000 KZT от 1 контрагентов; исходящих в выборке нет 11 дн."
100000006866783100,distributor,0.9893371757925071,0,0.7271412771799475,"Направляет 3,948,037 KZT 67 получателям; 90 исходящих операций."
100000006866831100,peripheral,0.49,0,0.10123822341857334,"Входящих: 1, исходящих: 0; выраженные признаки основной структурной роли не достигли порога. Граница depth=4: дальнейшие переводы не наблюдаются."
100000006882208100,terminal,0.6328762466001813,4,0.2911537420197843,"Получил 18,000 KZT от 1 контрагентов; исходящих в выборке нет 12 дн."
100000006888238100,peripheral,1.0,59,0.1857543003854937,"Входящих: 1, исходящих: 1; выраженные признаки основной структурной роли не достигли порога."
100000006889963100,consolidator,0.9724833917259323,5,0.8037732261209984,"Получает от 4 контрагентов; входящий оборот 1,431,000 KZT; достижим от 9 seed."
100000006894637100,terminal,0.6774478694469628,0,0.1859892328398385,"Получил 52,831 KZT от 1 контрагентов; исходящих в выборке нет 8 дн."
100000006901046100,peripheral,0.49,4,0.4203723642889188,"Входящих: 1, исходящих: 1; выраженные признаки основной структурной роли не достигли порога."
100000006903193100,peripheral,0.49,0,0.18396666261197808,"Входящих: 1, исходящих: 0; выраженные признаки основной структурной роли не достигли порога. Граница depth=4: дальнейшие переводы не наблюдаются."
100000006912294100,peripheral,1.0,2,0.2545009777773783,"Входящих: 1, исходящих: 2; выраженные признаки основной структурной роли не достигли порога."
100000006918814100,peripheral,0.49,3,0.16864961866307762,"Входящих: 1, исходящих: 0; выраженные признаки основной структурной роли не достигли порога. Граница depth=4: дальнейшие переводы не наблюдаются."
100000006919124100,terminal,0.6325977852609765,0,0.171997169565769,"Получил 25,000 KZT от 1 контрагентов; исходящих в выборке нет 6 дн."
100000006952718100,terminal,0.6868313689936536,4,0.21611560832754556,"Получил 71,489 KZT от 1 контрагентов; исходящих в выборке нет 15 дн."
100000006965162100,terminal,0.614687216681777,28,0.12498654104979812,"Получил 10,000 KZT от 1 контрагентов; исходящих в выборке нет 28 дн."
100000006967370100,peripheral,1.0,16,0.2174459451261299,"Входящих: 1, исходящих: 1; выраженные признаки основной структурной роли не достигли порога."
100000006972210100,consolidator,0.9337999619698778,2,0.5931047505048226,"Получает от 3 контрагентов; входящий оборот 488,775 KZT; достижим от 7 seed."
100000006977207100,distributor,0.9362391930835735,20,0.4356199286446619,"Направляет 4,157,018 KZT 15 получателям; 15 исходящих операций."
100000006989106100,terminal,0.6688398523507318,10,0.17803947958725885,"Получил 64,000 KZT от 1 контрагентов; исходящих в выборке нет 6 дн."
100000006989232100,terminal,0.6412058023572076,0,0.10371467025572007,"Получил 22,194 KZT от 1 контрагентов; исходящих в выборке нет 15 дн."
100000006994985100,peripheral,1.0,8,0.6339553565509707,"Входящих: 1, исходящих: 1; выраженные признаки основной структурной роли не достигли порога."
100000007005380100,terminal,0.6116273798730734,5,0.11899506505159264,"Получил 9,400 KZT от 1 контрагентов; исходящих в выборке нет 16 дн."
100000007018630100,peripheral,1.0,61,0.253602512337371,"Входящих: 0, исходящих: 1; выраженные признаки основной структурной роли не достигли порога."
100000007020162100,terminal,0.6921350861287398,14,0.17235980260206374,"Получил 86,395 KZT от 1 контрагентов; исходящих в выборке нет 11 дн."
100000007022818100,terminal,0.6305303717135086,1,0.10020188425302827,"Получил 17,200 KZT от 1 контрагентов; исходящих в выборке нет 24 дн."
100000007034089100,peripheral,0.49,2,0.31651489051686815,"Входящих: 2, исходящих: 0; выраженные признаки основной структурной роли не достигли порога. Граница depth=4: дальнейшие переводы не наблюдаются."
100000007042175100,peripheral,0.49,0,0.3133699824863613,"Входящих: 1, исходящих: 0; выраженные признаки основной структурной роли не достигли порога. Граница depth=4: дальнейшие переводы не наблюдаются."
100000007055802100,consolidator,0.9645641962486295,0,0.6428534330464634,"Получает от 6 контрагентов; входящий оборот 2,024,999 KZT; достижим от 3 seed."
100000007071852100,peripheral,0.49,6,0.22948034587801666,"Входящих: 1, исходящих: 0; выраженные признаки основной структурной роли не достигли порога. Граница depth=4: дальнейшие переводы не наблюдаются."
100000007129492100,peripheral,1.0,11,0.5917241720807976,"Входящих: 2, исходящих: 1; выраженные признаки основной структурной роли не достигли порога."
100000007131370100,transit,0.7,15,0.44441637989554594,"Вход 30,000 KZT, выход 30,000 KZT; совпадение потока за 1–2 дня: 0%."
100000007138613100,consolidator,0.9137142415795453,0,0.5937634454343468,"Получает от 3 контрагентов; входящий оборот 1,002,000 KZT; достижим от 3 seed."
100000007140834100,terminal,0.6172370806890299,8,0.251283086585913,"Получил 10,200 KZT от 1 контрагентов; исходящих в выборке нет 9 дн."
100000007153161100,peripheral,0.49,0,0.20373337414181208,"Входящих: 1, исходящих: 0; выраженные признаки основной структурной роли не достигли порога. Граница depth=4: дальнейшие переводы не наблюдаются."
100000007170072100,transit,0.9964999999999999,6,0.48332026384635374,"Вход 100,000 KZT, выход 99,500 KZT; совпадение потока за 1–2 дня: 100%."
100000007173936100,terminal,0.614687216681777,30,0.2683060165038905,"Получил 10,000 KZT от 1 контрагентов; исходящих в выборке нет 17 дн."
100000007175718100,terminal,0.6368880326382592,46,0.1334432480933154,"Получил 20,000 KZT от 1 контрагентов; исходящих в выборке нет 18 дн."
100000007181706100,terminal,0.7137579329102447,3,0.503534178334297,"Получил 176,272 KZT от 2 контрагентов; исходящих в выборке нет 9 дн."
100000007197866100,peripheral,1.0,6,0.2007882510929312,"Входящих: 1, исходящих: 1; выраженные признаки основной структурной роли не достигли порога."
100000007229557100,consolidator,0.9289034496868084,21,0.5630866176437564,"Получает от 3 контрагентов; входящий оборот 878,000 KZT; достижим от 4 seed."
100000007242833100,peripheral,1.0,12,0.6609690911212991,"Входящих: 1, исходящих: 1; выраженные признаки основной структурной роли не достигли порога."
100000007267915100,peripheral,1.0,16,0.33805135724912944,"Входящих: 2, исходящих: 1; выраженные признаки основной структурной роли не достигли порога."
100000007274584100,terminal,0.6344272115011008,3,0.3872336298487863,"Получил 38,000 KZT от 1 контрагентов; исходящих в выборке нет 5 дн."
100000007281639100,peripheral,0.49,4,0.4715701744219084,"Входящих: 2, исходящих: 0; выраженные признаки основной структурной роли не достигли порога."
100000007283257100,peripheral,0.49,65,0.2183176312247645,"Входящих: 1, исходящих: 0; выраженные признаки основной структурной роли не достигли порога."
100000007289427100,terminal,0.6201949229374433,3,0.09634813817855539,"Получил 12,300 KZT от 1 контрагентов; исходящих в выборке нет 21 дн."
100000007303047100,terminal,0.6200330268099986,1,0.1447330641543293,"Получил 52,250 KZT от 1 контрагентов; исходящих в выборке нет 3 дн."
100000007311010100,peripheral,1.0,3,0.5640885195969908,"Входящих: 2, исходящих: 1; выраженные признаки основной структурной роли не достигли порога."
100000007322059100,peripheral,1.0,32,0.3628636594114162,"Входящих: 2, исходящих: 1; выраженные признаки основной структурной роли не достигли порога."
100000007330432100,peripheral,0.49,70,0.18860924181247196,"Входящих: 1, исходящих: 0; выраженные признаки основной структурной роли не достигли порога. Граница depth=4: дальнейшие переводы не наблюдаются."
100000007333038100,peripheral,1.0,9,0.16938267083392317,"Входящих: 1, исходящих: 2; выраженные признаки основной структурной роли не достигли порога."
100000007334196100,terminal,0.7098141432456936,11,0.46422346827598565,"Получил 150,002 KZT от 1 контрагентов; исходящих в выборке нет 16 дн."
100000007337374100,terminal,0.5940308897811164,1,0.1515702108568865,"Получил 20,000 KZT от 1 контрагентов; исходящих в выборке нет 4 дн."
100000007347733100,peripheral,0.49,53,0.10457604306864066,"Входящих: 1, исходящих: 0; выраженные признаки основной структурной роли не достигли порога."
100000007357489100,peripheral,0.49,2,0.3083094172104527,"Входящих: 2, исходящих: 0; выраженные признаки основной структурной роли не достигли порога. Граница depth=4: дальнейшие переводы не наблюдаются."
100000007381662100,peripheral,0.49,0,0.23148572945809742,"Входящих: 1, исходящих: 0; выраженные признаки основной структурной роли не достигли порога. Граница depth=4: дальнейшие переводы не наблюдаются."
100000007382152100,peripheral,0.49,0,0.14775760025217546,"Входящих: 1, исходящих: 0; выраженные признаки основной структурной роли не достигли порога."
100000007382543100,distributor,0.8029538904899135,28,0.4954071618001792,"Направляет 427,000 KZT 5 получателям; 8 исходящих операций."
100000007390016100,peripheral,1.0,71,0.5867010609689216,"Входящих: 1, исходящих: 1; выраженные признаки основной структурной роли не достигли порога."
100000007392365100,distributor,0.859077809798271,41,0.41897048763386413,"Направляет 1,765,600 KZT 6 получателям; 9 исходящих операций."
100000007442518100,consolidator,0.9568272937484583,30,0.7704693288515096,"Получает от 5 контрагентов; входящий оборот 510,000 KZT; достижим от 4 seed."
100000007472293100,peripheral,1.0,48,0.48733314262308763,"Входящих: 1, исходящих: 3; выраженные признаки основной структурной роли не достигли порога."
100000007484343100,terminal,0.6509292837715321,0,0.26610663569407766,"Получил 26,757 KZT от 2 контрагентов; исходящих в выборке нет 21 дн."
100000007487729100,terminal,0.6468834995466908,0,0.12669807088380441,"Получил 25,000 KZT от 1 контрагентов; исходящих в выборке нет 11 дн."
100000007507343100,terminal,0.7326609247506799,52,0.18798564378645133,"Получил 370,000 KZT от 1 контрагентов; исходящих в выборке нет 17 дн."
100000007510567100,peripheral,0.49,7,0.22544266081745135,"Входящих: 1, исходящих: 0; выраженные признаки основной структурной роли не достигли порога. Граница depth=4: дальнейшие переводы не наблюдаются."
100000007510875100,terminal,0.6019378966455122,2,0.08406460296096904,"Получил 5,000 KZT от 1 контрагентов; исходящих в выборке нет 26 дн."
100000007511163100,peripheral,1.0,4,0.49112215980533824,"Входящих: 2, исходящих: 3; выраженные признаки основной структурной роли не достигли порога."
100000007511780100,peripheral,0.49,0,0.20373261552265592,"Входящих: 1, исходящих: 0; выраженные признаки основной структурной роли не достигли порога. Граница depth=4: дальнейшие переводы не наблюдаются."
100000007534354100,peripheral,1.0,9,0.2750542550563314,"Входящих: 1, исходящих: 3; выраженные признаки основной структурной роли не достигли порога."
100000007536804100,peripheral,1.0,10,0.3492629922581929,"Входящих: 1, исходящих: 2; выраженные признаки основной структурной роли не достигли порога."
100000007539296100,peripheral,0.49,5,0.177209510991476,"Входящих: 1, исходящих: 0; выраженные признаки основной структурной роли не достигли порога. Граница depth=4: дальнейшие переводы не наблюдаются."
100000007544358100,transit,0.6449999999999999,4,0.4199793943145091,"Вход 322,500 KZT, выход 350,000 KZT; совпадение потока за 1–2 дня: 0%."
100000007591246100,peripheral,1.0,13,0.28930829129709795,"Входящих: 1, исходящих: 1; выраженные признаки основной структурной роли не достигли порога."
100000007593823100,distributor,0.8654899135446685,0,0.7055638133652383,"Направляет 162,900 KZT 13 получателям; 21 исходящих операций."
100000007594394100,consolidator,0.947126477791976,17,0.7099124080475289,"Получает от 6 контрагентов; входящий оборот 395,385 KZT; достижим от 4 seed."
100000007597382100,terminal,0.6276745240253853,5,0.2737434323854518,"Получил 15,700 KZT от 1 контрагентов; исходящих в выборке нет 21 дн."
100000007617808100,terminal,0.7365027198549411,4,0.4710245674889837,"Получил 450,000 KZT от 1 контрагентов; исходящих в выборке нет 24 дн."
100000007618425100,terminal,0.6637126019945603,16,0.13904441453566624,"Получил 39,348 KZT от 1 контрагентов; исходящих в выборке нет 23 дн."
100000007629096100,consolidator,0.9402101617971337,0,0.6654715622258016,"Получает от 4 контрагентов; входящий оборот 1,075,170 KZT; достижим от 3 seed."
100000007629121100,terminal,0.6530031731640978,3,0.3707912790188177,"Получил 29,000 KZT от 1 контрагентов; исходящих в выборке нет 8 дн."
100000007631637100,terminal,0.6266545784224841,1,0.10017048003589055,"Получил 15,341 KZT от 1 контрагентов; исходящих в выборке нет 30 дн."
100000007639767100,distributor,0.8868876080691642,0,0.5516022831411985,"Направляет 822,244 KZT 10 получателям; 13 исходящих операций."
100000007641183100,terminal,0.6520172257479601,4,0.18024750603952405,"Получил 28,000 KZT от 1 контрагентов; исходящих в выборке нет 25 дн."
100000007641801100,terminal,0.7182116953762466,10,0.17696500672947513,"Получил 200,000 KZT от 1 контрагентов; исходящих в выборке нет 11 дн."
100000007647294100,terminal,0.7333408884859474,35,0.2864378645132346,"Получил 385,000 KZT от 1 контрагентов; исходящих в выборке нет 15 дн."
100000007648946100,peripheral,1.0,13,0.23204098012520308,"Входящих: 1, исходящих: 1; выраженные признаки основной структурной роли не достигли порога."
100000007653003100,terminal,0.6978467815049864,16,0.16944818304172274,"Получил 100,000 KZT от 1 контрагентов; исходящих в выборке нет 16 дн."
100000007653094100,peripheral,0.49,13,0.37206987928799673,"Входящих: 1, исходящих: 0; выраженные признаки основной структурной роли не достигли порога. Граница depth=4: дальнейшие переводы не наблюдаются."
100000007689942100,peripheral,1.0,17,0.3487263316833574,"Входящих: 1, исходящих: 2; выраженные признаки основной структурной роли не достигли порога."
100000007731977100,peripheral,0.49,0,0.23835428037779233,"Входящих: 1, исходящих: 0; выраженные признаки основной структурной роли не достигли порога. Граница depth=4: дальнейшие переводы не наблюдаются."
100000007737775100,terminal,0.6060856754306436,33,0.13284956974522166,"Получил 6,000 KZT от 1 контрагентов; исходящих в выборке нет 25 дн."
100000007745062100,peripheral,0.49,12,0.2306826787627183,"Входящих: 1, исходящих: 0; выраженные признаки основной структурной роли не достигли порога. Граница depth=4: дальнейшие переводы не наблюдаются."
100000007747786100,distributor,0.9747118155619597,10,0.31074844094250087,"Направляет 4,238,009 KZT 31 получателям; 35 исходящих операций."
100000007749092100,peripheral,1.0,4,0.2943876177658143,"Входящих: 1, исходящих: 1; выраженные признаки основной структурной роли не достигли порога."
100000007749747100,peripheral,0.49,2,0.13522207267833108,"Входящих: 1, исходящих: 0; выраженные признаки основной структурной роли не достигли порога. Граница depth=4: дальнейшие переводы не наблюдаются."
100000007754369100,terminal,0.6907751586582048,0,0.15089277703005832,"Получил 82,424 KZT от 1 контрагентов; исходящих в выборке нет 16 дн."
100000007777377100,peripheral,1.0,4,0.7552389303895811,"Входящих: 1, исходящих: 2; выраженные признаки основной структурной роли не достигли порога."
100000007793871100,terminal,0.6347056728403057,11,0.46246931843300676,"Получил 26,000 KZT от 1 контрагентов; исходящих в выборке нет 6 дн."
100000007797290100,peripheral,1.0,0,0.3168275920359994,"Входящих: 1, исходящих: 1; выраженные признаки основной структурной роли не достигли порога."
100000007811950100,peripheral,0.49,26,0.14414535666218034,"Входящих: 1, исходящих: 0; выраженные признаки основной структурной роли не достигли порога. Граница depth=4: дальнейшие переводы не наблюдаются."
100000007841978100,peripheral,0.49,5,0.36223602996284077,"Входящих: 1, исходящих: 0; выраженные признаки основной структурной роли не достигли порога. Граница depth=4: дальнейшие переводы не наблюдаются."
100000007861311100,terminal,0.6684383499546691,10,0.17295648272768058,"Получил 45,000 KZT от 1 контрагентов; исходящих в выборке нет 9 дн."
100000007863304100,terminal,0.6468834995466908,5,0.2854415032692562,"Получил 25,000 KZT от 1 контрагентов; исходящих в выборке нет 28 дн."
100000007864477100,distributor,0.8085014409221902,0,0.5111182865408541,"Направляет 203,500 KZT 6 получателям; 10 исходящих операций."
100000007865484100,peripheral,0.49,41,0.32425827319968553,"Входящих: 1, исходящих: 0; выраженные признаки основной структурной роли не достигли порога. Граница depth=4: дальнейшие переводы не наблюдаются."
100000007867364100,peripheral,0.49,17,0.1306191117092867,"Входящих: 1, исходящих: 0; выраженные признаки основной структурной роли не достигли порога. Граница depth=4: дальнейшие переводы не наблюдаются."
100000007898453100,peripheral,1.0,3,0.6389606245207233,"Входящих: 1, исходящих: 2; выраженные признаки основной структурной роли не достигли порога."
100000007908818100,consolidator,0.9588591004597438,3,0.8030773142726988,"Получает от 4 контрагентов; входящий оборот 727,475 KZT; достижим от 8 seed."
100000007930878100,terminal,0.6019378966455122,44,0.09569313593539705,"Получил 5,000 KZT от 1 контрагентов; исходящих в выборке нет 22 дн."
100000007938486100,terminal,0.6638145965548504,1,0.13699416778824586,"Получил 39,500 KZT от 1 контрагентов; исходящих в выборке нет 25 дн."
100000007939160100,peripheral,1.0,44,0.3553595045129051,"Входящих: 1, исходящих: 2; выраженные признаки основной структурной роли не достигли порога."
100000007953156100,peripheral,1.0,14,0.400161554109186,"Входящих: 1, исходящих: 1; выраженные признаки основной структурной роли не достигли порога."
100000007960337100,peripheral,0.49,6,0.2792436567012885,"Входящих: 1, исходящих: 0; выраженные признаки основной структурной роли не достигли порога. Граница depth=4: дальнейшие переводы не наблюдаются."
100000007982728100,distributor,0.8906340057636888,8,0.29704740901503895,"Направляет 1,804,384 KZT 8 получателям; 12 исходящих операций."
100000007982908100,terminal,0.6569809610154125,1,0.13625392552714222,"Получил 31,080 KZT от 1 контрагентов; исходящих в выборке нет 11 дн."
100000007988344100,peripheral,0.49,0,0.2203910681750108,"Входящих: 1, исходящих: 0; выраженные признаки основной структурной роли не достигли порога. Граница depth=4: дальнейшие переводы не наблюдаются."
100000007997939100,peripheral,0.49,2,0.16115374201978427,"Входящих: 1, исходящих: 0; выраженные признаки основной структурной роли не достигли порога. Граница depth=4: дальнейшие переводы не наблюдаются."
100000007998965100,consolidator,0.9334478739841792,11,0.721511680863083,"Получает от 5 контрагентов; входящий оборот 278,000 KZT; достижим от 4 seed."
100000007999728100,terminal,0.6424977334542158,14,0.12011215791834905,"Получил 23,250 KZT от 1 контрагентов; исходящих в выборке нет 27 дн."
100000008002020100,peripheral,1.0,12,0.2271699711308614,"Входящих: 1, исходящих: 1; выраженные признаки основной структурной роли не достигли порога."
100000008003034100,coordinator,0.6436352814104386,13,0.4896245385162089,Betweenness 0.0020; достижим от 2 seed; межкластерный поток 48%.
100000008008463100,terminal,0.6215289470275871,8,0.14948407357559446,"Получил 54,180 KZT от 1 контрагентов; исходящих в выборке нет 3 дн."
100000008011159100,consolidator,0.8769097762162421,42,0.5417917674309817,"Получает от 3 контрагентов; входящий оборот 363,000 KZT; достижим от 2 seed."
100000008011573100,terminal,0.6252266545784224,16,0.10106101390758188,"Получил 15,000 KZT от 1 контрагентов; исходящих в выборке нет 23 дн."
100000008027922100,peripheral,0.49,23,0.145697622252131,"Входящих: 1, исходящих: 0; выраженные признаки основной структурной роли не достигли порога. Граница depth=4: дальнейшие переводы не наблюдаются."
100000008028628100,terminal,0.6803037171350861,1,0.15280394795872587,"Получил 57,224 KZT от 1 контрагентов; исходящих в выборке нет 23 дн."
100000008029279100,terminal,0.6296464188576609,6,0.10329744279946165,"Получил 17,000 KZT от 1 контрагентов; исходящих в выборке нет 21 дн."
100000008038077100,terminal,0.7386446056210335,5,0.4644791883298215,"Получил 499,850 KZT от 1 контрагентов; исходящих в выборке нет 18 дн."
100000008042075100,terminal,0.6019378966455122,24,0.04699865410497982,"Получил 5,000 KZT от 1 контрагентов; исходящих в выборке нет 30 дн."
100000008043184100,terminal,0.6758839528558477,16,0.19323912068192015,"Получил 50,564 KZT от 1 контрагентов; исходящих в выборке нет 12 дн."
100000008050986100,peripheral,0.49,5,0.39201171412614266,"Входящих: 1, исходящих: 0; выраженные признаки основной структурной роли не достигли порога. Граница depth=4: дальнейшие переводы не наблюдаются."
100000008055972100,terminal,0.6523232094288305,1,0.16954239569313595,"Получил 28,300 KZT от 1 контрагентов; исходящих в выборке нет 21 дн."
100000008060273100,terminal,0.5575443595389198,3,0.49601023874268024,"Получил 10,000 KZT от 1 контрагентов; исходящих в выборке нет 3 дн."
100000008066326100,terminal,0.6346101541251133,0,0.10657245401525348,"Получил 19,320 KZT от 1 контрагентов; исходящих в выборке нет 28 дн."
100000008070101100,terminal,0.626418210076415,2,0.2222169990857331,"Получил 100,000 KZT от 1 контрагентов; исходящих в выборке нет 2 дн."
100000008071620100,terminal,0.6701722574796011,0,0.14170031404217137,"Получил 46,968 KZT от 1 контрагентов; исходящих в выборке нет 17 дн."
100000008071749100,peripheral,0.49,7,0.19428519110008935,"Входящих: 1, исходящих: 0; выраженные признаки основной структурной роли не достигли порога. Граница depth=4: дальнейшие переводы не наблюдаются."
100000008074304100,peripheral,0.49,5,0.26246931843300675,"Входящих: 1, исходящих: 0; выраженные признаки основной структурной роли не достигли порога. Граница depth=4: дальнейшие переводы не наблюдаются."
100000008077552100,terminal,0.7199116047144152,6,0.24930910722296995,"Получил 214,000 KZT от 1 контрагентов; исходящих в выборке нет 7 дн."
100000008086440100,distributor,0.7528818443804034,0,0.5388514581385612,"Направляет 161,300 KZT 5 получателям; 6 исходящих операций."
100000008088082100,peripheral,1.0,13,0.4237331190997378,"Входящих: 1, исходящих: 1; выраженные признаки основной структурной роли не достигли порога."
100000008094734100,consolidator,0.913456940167316,0,0.5291356118313925,"Получает от 4 контрагентов; входящий оборот 236,249 KZT; достижим от 4 seed."
100000008097580100,peripheral,0.49,6,0.20533675414984298,"Входящих: 2, исходящих: 0; выраженные признаки основной структурной роли не достигли порога."
100000008104567100,consolidator,0.7734872920820626,7,0.552488361977209,"Получает от 3 контрагентов; входящий оборот 53,550 KZT; достижим от 2 seed."
100000008106997100,peripheral,0.49,0,0.3530212795808027,"Входящих: 2, исходящих: 1; выраженные признаки основной структурной роли не достигли порога."
100000008111003100,consolidator,0.9132495996937792,0,0.7624197143816912,"Получает от 6 контрагентов; входящий оборот 222,716 KZT; достижим от 3 seed."
100000008116374100,terminal,0.6572529465095195,4,0.18552790083539666,"Получил 31,284 KZT от 1 контрагентов; исходящих в выборке нет 22 дн."
100000008117324100,peripheral,0.2,86,0.0,0 входящих и 0 исходящих связей; seed; данных для выраженной структурной роли недостаточно.
100000008121806100,coordinator,0.5029308107278605,6,0.4706672514341259,Betweenness 0.0008; достижим от 1 seed; межкластерный поток 21%.
100000008129393100,peripheral,0.49,53,0.07670255720053837,"Входящих: 1, исходящих: 0; выраженные признаки основной структурной роли не достигли порога."
100000008130868100,peripheral,0.49,9,0.11576043068640647,"Входящих: 1, исходящих: 0; выраженные признаки основной структурной роли не достигли порога. Граница depth=4: дальнейшие переводы не наблюдаются."
100000008136608100,peripheral,0.49,7,0.17191565724540153,"Входящих: 1, исходящих: 0; выраженные признаки основной структурной роли не достигли порога. Граница depth=4: дальнейшие переводы не наблюдаются."
100000008137435100,distributor,0.8387608069164266,23,0.46564136402370215,"Направляет 1,419,700 KZT 6 получателям; 7 исходящих операций."
100000008141170100,terminal,0.6181210335448776,4,0.11545984746523105,"Получил 11,000 KZT от 1 контрагентов; исходящих в выборке нет 25 дн."
100000008144528100,consolidator,0.9716958340929733,4,0.596504201325963,"Получает от 5 контрагентов; входящий оборот 1,068,203 KZT; достижим от 4 seed."
100000008151098100,peripheral,0.49,27,0.09819650067294752,"Входящих: 1, исходящих: 0; выраженные признаки основной структурной роли не достигли порога. Граница depth=4: дальнейшие переводы не наблюдаются."
100000008165763100,consolidator,0.9918439721431417,3,0.8536697227670469,"Получает от 15 контрагентов; входящий оборот 1,165,815 KZT; достижим от 6 seed."
100000008168850100,peripheral,0.49,5,0.3846765862661158,"Входящих: 1, исходящих: 0; выраженные признаки основной структурной роли не достигли порога. Граница depth=4: дальнейшие переводы не наблюдаются."
100000008169544100,peripheral,1.0,4,0.5094131750894352,"Входящих: 1, исходящих: 4; выраженные признаки основной структурной роли не достигли порога."
100000008172352100,distributor,0.8146974063400576,32,0.5656184369331896,"Направляет 289,510 KZT 7 получателям; 8 исходящих операций."
100000008172721100,peripheral,0.49,6,0.15672498878420815,"Входящих: 1, исходящих: 0; выраженные признаки основной структурной роли не достигли порога. Граница depth=4: дальнейшие переводы не наблюдаются."
100000008173359100,terminal,0.606663644605621,4,0.14749290756487174,"Получил 6,110 KZT от 1 контрагентов; исходящих в выборке нет 8 дн."
100000008174521100,terminal,0.6763534516254371,4,0.37683899093188516,"Получил 82,110 KZT от 1 контрагентов; исходящих в выборке нет 6 дн."
100000008175078100,peripheral,0.49,36,0.5399524947452544,"Входящих: 1, исходящих: 0; выраженные признаки основной структурной роли не достигли порога. Граница depth=4: дальнейшие переводы не наблюдаются."
100000008183752100,peripheral,0.49,21,0.1611305518169583,"Входящих: 1, исходящих: 0; выраженные признаки основной структурной роли не достигли порога. Граница depth=4: дальнейшие переводы не наблюдаются."
100000008188026100,peripheral,1.0,15,0.4620640277617939,"Входящих: 2, исходящих: 4; выраженные признаки основной структурной роли не достигли порога."
100000008190411100,peripheral,0.49,2,0.327447285778376,"Входящих: 1, исходящих: 0; выраженные признаки основной структурной роли не достигли порога. Граница depth=4: дальнейшие переводы не наблюдаются."
100000008190442100,terminal,0.6212828649138712,1,0.09253028263795425,"Получил 13,000 KZT от 1 контрагентов; исходящих в выборке нет 15 дн."
100000008192264100,transit,0.6064977914959289,5,0.4444240118767679,"Вход 162,810 KZT, выход 187,910 KZT; совпадение потока за 1–2 дня: 0%."
100000008193258100,peripheral,1.0,16,0.3045836750498625,"Входящих: 1, исходящих: 1; выраженные признаки основной структурной роли не достигли порога."
100000008193577100,distributor,0.8422910662824208,43,0.39392953474100983,"Направляет 480,180 KZT 5 получателям; 16 исходящих операций."
100000008200810100,terminal,0.7374206708975521,9,0.2691887352903092,"Получил 475,000 KZT от 1 контрагентов; исходящих в выборке нет 28 дн."
100000008205000100,peripheral,0.2,87,0.0,0 входящих и 0 исходящих связей; seed; данных для выраженной структурной роли недостаточно.
100000008205937100,terminal,0.6318773474938479,13,0.5399614673787223,"Получил 35,000 KZT от 1 контрагентов; исходящих в выборке нет 5 дн."
100000008213966100,consolidator,0.8508898306133409,28,0.5450751530385037,"Получает от 3 контрагентов; входящий оборот 187,004 KZT; достижим от 2 seed."
100000008219168100,terminal,0.6637061261494626,10,0.16431135038133693,"Получил 53,200 KZT от 1 контрагентов; исходящих в выборке нет 6 дн."
100000008221543100,terminal,0.7404125113327289,16,0.2599080553389652,"Получил 542,000 KZT от 2 контрагентов; исходящих в выборке нет 17 дн."
100000008221765100,peripheral,0.49,5,0.3490956082490677,"Входящих: 1, исходящих: 0; выраженные признаки основной структурной роли не достигли порога. Граница depth=4: дальнейшие переводы не наблюдаются."
100000008223661100,distributor,0.753314121037464,2,0.5564693399873335,"Направляет 262,580 KZT 5 получателям; 5 исходящих операций."
100000008223756100,terminal,0.7303490480507706,6,0.33615809844674555,"Получил 331,682 KZT от 2 контрагентов; исходящих в выборке нет 9 дн."
100000008229700100,peripheral,1.0,12,0.15608976303409827,"Входящих: 1, исходящих: 1; выраженные признаки основной структурной роли не достигли порога."
100000008232832100,peripheral,1.0,40,0.529476788215767,"Входящих: 1, исходящих: 1; выраженные признаки основной структурной роли не достигли порога."
100000008237827100,terminal,0.6652085222121487,3,0.38941846609822545,"Получил 40,001 KZT от 1 контрагентов; исходящих в выборке нет 15 дн."
100000008238112100,terminal,0.7160698096101541,5,0.34720686890407,"Получил 190,000 KZT от 1 контрагентов; исходящих в выборке нет 11 дн."
100000008238989100,terminal,0.7182116953762466,23,0.23104755495738,"Получил 200,000 KZT от 1 контрагентов; исходящих в выборке нет 28 дн."
100000008244300100,consolidator,0.844437269684713,5,0.48025756428316374,"Получает от 5 контрагентов; входящий оборот 65,430 KZT; достижим от 3 seed."
100000008251939100,peripheral,0.49,7,0.21751533914854154,"Входящих: 1, исходящих: 0; выраженные признаки основной структурной роли не достигли порога. Граница depth=4: дальнейшие переводы не наблюдаются."
100000008254069100,distributor,0.7399135446685878,19,0.6809134086694126,"Направляет 107,500 KZT 5 получателям; 6 исходящих операций."
100000008254576100,peripheral,0.49,35,0.28664978867875357,"Входящих: 1, исходящих: 1; выраженные признаки основной структурной роли не достигли порога."
100000008255655100,peripheral,0.49,16,0.1005338716913414,"Входящих: 1, исходящих: 0; выраженные признаки основной структурной роли не достигли порога. Граница depth=4: дальнейшие переводы не наблюдаются."
100000008258083100,peripheral,1.0,30,0.6739583555029619,"Входящих: 2, исходящих: 2; выраженные признаки основной структурной роли не достигли порога."
100000008258458100,peripheral,1.0,64,0.39562085986456447,"Входящих: 1, исходящих: 2; выраженные признаки основной структурной роли не достигли порога."
100000008259451100,terminal,0.6792837715321849,14,0.15703005832211753,"Получил 55,000 KZT от 1 контрагентов; исходящих в выборке нет 28 дн."
100000008279405100,peripheral,0.49,6,0.23652310453117992,"Входящих: 1, исходящих: 0; выраженные признаки основной структурной роли не достигли порога."
100000008283183100,terminal,0.6530031731640978,1,0.13257963212202784,"Получил 29,000 KZT от 1 контрагентов; исходящих в выборке нет 23 дн."
100000008289539100,terminal,0.5526421447998964,15,0.2860897760373136,"Получил 14,912 KZT от 1 контрагентов; исходящих в выборке нет 2 дн."
100000008293431100,distributor,0.7831412103746398,0,0.37042774325132544,"Направляет 297,000 KZT 5 получателям; 7 исходящих операций."
100000008295429100,terminal,0.7317089755213055,5,0.36804581013332077,"Получил 352,000 KZT от 1 контрагентов; исходящих в выборке нет 11 дн."
100000008297199100,terminal,0.6665684496826836,0,0.2097405522485864,"Получил 42,268 KZT от 1 контрагентов; исходящих в выборке нет 25 дн."
100000008304115100,terminal,0.6762919310970081,12,0.1445266935845671,"Получил 51,000 KZT от 1 контрагентов; исходящих в выборке нет 19 дн."
100000008304139100,distributor,0.962536023054755,3,0.5955618192023377,"Направляет 1,692,997 KZT 24 получателям; 43 исходящих операций."
100000008306857100,terminal,0.704204442429737,9,0.22388142259403282,"Получил 125,000 KZT от 1 контрагентов; исходящих в выборке нет 15 дн."
100000008308418100,peripheral,0.49,0,0.200951857766756,"Входящих: 1, исходящих: 0; выраженные признаки основной структурной роли не достигли порога. Граница depth=4: дальнейшие переводы не наблюдаются."
100000008309514100,terminal,0.6305303717135086,1,0.15020188425302827,"Получил 17,200 KZT от 1 контрагентов; исходящих в выборке нет 22 дн."
100000008314203100,peripheral,1.0,40,0.5381938585855415,"Входящих: 2, исходящих: 2; выраженные признаки основной структурной роли не достигли порога."
100000008314863100,terminal,0.6192429737080689,3,0.17325782456801214,"Получил 12,000 KZT от 1 контрагентов; исходящих в выборке нет 11 дн."
100000008321975100,peripheral,0.49,22,0.1828899465958273,"Входящих: 1, исходящих: 0; выраженные признаки основной структурной роли не достигли порога. Граница depth=4: дальнейшие переводы не наблюдаются."
100000008324800100,consolidator,0.9250696359585117,71,0.655898136624806,"Получает от 3 контрагентов; входящий оборот 526,500 KZT; достижим от 3 seed."
100000008327791100,peripheral,0.49,16,0.10932256617317182,"Входящих: 1, исходящих: 0; выраженные признаки основной структурной роли не достигли порога. Граница depth=4: дальнейшие переводы не наблюдаются."
100000008331280100,peripheral,0.49,27,0.14503364737550473,"Входящих: 1, исходящих: 0; выраженные признаки основной структурной роли не достигли порога. Граница depth=4: дальнейшие переводы не наблюдаются."
100000008332511100,terminal,0.6978467815049864,9,0.42255888781199846,"Получил 100,000 KZT от 1 контрагентов; исходящих в выборке нет 30 дн."
100000008333492100,peripheral,0.49,48,0.16459847465231048,"Входящих: 1, исходящих: 0; выраженные признаки основной структурной роли не достигли порога. Граница depth=4: дальнейшие переводы не наблюдаются."
100000008335401100,terminal,0.7093381686310063,7,0.28004113546976184,"Получил 150,000 KZT от 1 контрагентов; исходящих в выборке нет 23 дн."
100000008336318100,peripheral,0.49,2,0.19474203678779722,"Входящих: 1, исходящих: 0; выраженные признаки основной структурной роли не достигли порога. Граница depth=4: дальнейшие переводы не наблюдаются."
100000008337304100,peripheral,0.49,6,0.17626289816061014,"Входящих: 1, исходящих: 0; выраженные признаки основной структурной роли не достигли порога. Граница depth=4: дальнейшие переводы не наблюдаются."
100000008343415100,peripheral,0.49,20,0.3626342265419915,"Входящих: 1, исходящих: 0; выраженные признаки основной структурной роли не достигли порога. Граница depth=4: дальнейшие переводы не наблюдаются."
100000008343874100,peripheral,1.0,20,0.5595788073922168,"Входящих: 2, исходящих: 2; выраженные признаки основной структурной роли не достигли порога."
100000008346837100,consolidator,0.9508308261775933,13,0.8468427800534457,"Получает от 9 контрагентов; входящий оборот 254,359 KZT; достижим от 6 seed."
100000008349675100,peripheral,1.0,10,0.18398343732750339,"Входящих: 1, исходящих: 1; выраженные признаки основной структурной роли не достигли порога."
100000008349740100,peripheral,0.49,36,0.36356397971609333,"Входящих: 1, исходящих: 0; выраженные признаки основной структурной роли не достигли порога. Граница depth=4: дальнейшие переводы не наблюдаются."
100000008352542100,terminal,0.6757479601087942,3,0.3737657070134341,"Получил 50,220 KZT от 1 контрагентов; исходящих в выборке нет 13 дн."
100000008356606100,terminal,0.7129419764279238,13,0.20847016599371915,"Получил 168,500 KZT от 2 контрагентов; исходящих в выборке нет 9 дн."
100000008376089100,terminal,0.7059723481414324,30,0.3573055678722171,"Получил 135,000 KZT от 1 контрагентов; исходящих в выборке нет 13 дн."
100000008376785100,peripheral,0.49,5,0.3882387217528811,"Входящих: 1, исходящих: 0; выраженные признаки основной структурной роли не достигли порога. Граница depth=4: дальнейшие переводы не наблюдаются."
100000008379273100,transit,0.6631578947368421,7,0.49427279770830856,"Вход 36,000 KZT, выход 38,000 KZT; совпадение потока за 1–2 дня: 0%."
100000008383405100,terminal,0.6468834995466908,24,0.12541049798115747,"Получил 25,000 KZT от 1 контрагентов; исходящих в выборке нет 23 дн."
100000008388049100,terminal,0.7385766092475068,9,0.2704179860754146,"Получил 496,400 KZT от 1 контрагентов; исходящих в выборке нет 18 дн."
100000008389800100,distributor,0.8270893371757925,4,0.5202211219898619,"Направляет 401,620 KZT 7 получателям; 8 исходящих операций."
100000008405209100,terminal,0.6788077969174977,16,0.14662628981606102,"Получил 54,400 KZT от 1 контрагентов; исходящих в выборке нет 20 дн."
100000008406609100,terminal,0.6592928377153219,19,0.12503813369223868,"Получил 34,000 KZT от 1 контрагентов; исходящих в выборке нет 22 дн."
100000008413748100,distributor,0.9373198847262249,16,0.5748001985647347,"Направляет 1,377,320 KZT 18 получателям; 21 исходящих операций."
100000008416433100,terminal,0.6368880326382592,14,0.11436518618214446,"Получил 20,000 KZT от 1 контрагентов; исходящих в выборке нет 15 дн."
100000008417029100,terminal,0.626418210076415,2,0.24050771241009378,"Получил 100,000 KZT от 1 контрагентов; исходящих в выборке нет 2 дн."
100000008417359100,peripheral,0.49,16,0.2956724420096172,"Входящих: 1, исходящих: 2; выраженные признаки основной структурной роли не достигли порога."
100000008418835100,peripheral,1.0,15,0.4990607955653329,"Входящих: 1, исходящих: 4; выраженные признаки основной структурной роли не достигли порога."
100000008418934100,terminal,0.7035455251910374,2,0.2550605652759085,"Получил 360,000 KZT от 1 контрагентов; исходящих в выборке нет 5 дн."
100000008422226100,terminal,0.6924070716228468,0,0.21307388558191975,"Получил 87,450 KZT от 1 контрагентов; исходящих в выборке нет 28 дн."
100000008427027100,terminal,0.7285131459655485,3,0.3468379053217134,"Получил 300,000 KZT от 1 контрагентов; исходящих в выборке нет 28 дн."
100000008430691100,peripheral,1.0,70,0.362733561544054,"Входящих: 1, исходящих: 2; выраженные признаки основной структурной роли не достигли порога."
100000008432942100,terminal,0.6250032379225489,0,0.22244580123916513,"Получил 44,542 KZT от 1 контрагентов; исходящих в выборке нет 4 дн."
100000008436257100,terminal,0.6604487760652765,16,0.22027366532077164,"Получил 35,000 KZT от 2 контрагентов; исходящих в выборке нет 13 дн."
100000008438656100,peripheral,1.0,3,0.599315165276947,"Входящих: 2, исходящих: 1; выраженные признаки основной структурной роли не достигли порога."
100000008443341100,peripheral,1.0,12,0.4964186805954811,"Входящих: 2, исходящих: 3; выраженные признаки основной структурной роли не достигли порога."
100000008454065100,terminal,0.6451155938349954,14,0.1220008972633468,"Получил 24,050 KZT от 1 контрагентов; исходящих в выборке нет 30 дн."
100000008459449100,terminal,0.6783318223028105,0,0.22079483668106736,"Получил 53,700 KZT от 1 контрагентов; исходящих в выборке нет 28 дн."
100000008460102100,distributor,0.9340057636887609,18,0.46740877452601726,"Направляет 476,570 KZT 31 получателям; 34 исходящих операций."
100000008461217100,peripheral,0.49,51,0.11936742934051142,"Входящих: 1, исходящих: 0; выраженные признаки основной структурной роли не достигли порога. Граница depth=4: дальнейшие переводы не наблюдаются."
100000008461532100,distributor,0.8827809798270894,27,0.5683371639805009,"Направляет 2,530,090 KZT 8 получателям; 9 исходящих операций."
100000008463968100,peripheral,0.49,1,0.1372947510094213,"Входящих: 1, исходящих: 0; выраженные признаки основной структурной роли не достигли порога."
100000008465789100,distributor,0.9335734870317003,2,0.6322805050836113,"Направляет 1,858,100 KZT 16 получателям; 17 исходящих операций."
100000008466579100,distributor,0.9420028818443804,2,0.5621304258296616,"Направляет 1,933,000 KZT 17 получателям; 20 исходящих операций."
100000008468762100,terminal,0.6703228208781247,21,0.29809011549245734,"Получил 170,000 KZT от 2 контрагентов; исходящих в выборке нет 4 дн."
100000008469048100,peripheral,0.49,0,0.5227070932199067,"Входящих: 1, исходящих: 0; выраженные признаки основной структурной роли не достигли порога. Граница depth=4: дальнейшие переводы не наблюдаются."
100000008470470100,terminal,0.6587488667271079,1,0.13085240017945268,"Получил 33,547 KZT от 1 контрагентов; исходящих в выборке нет 15 дн."
100000008471634100,peripheral,0.49,26,0.1322790489008524,"Входящих: 1, исходящих: 0; выраженные признаки основной структурной роли не достигли порога. Граница depth=4: дальнейшие переводы не наблюдаются."
100000008472324100,terminal,0.7193336355394379,5,0.35041009905211845,"Получил 205,200 KZT от 1 контрагентов; исходящих в выборке нет 11 дн."
100000008473207100,terminal,0.7190276518585675,3,0.5732421813178261,"Получил 202,000 KZT от 1 контрагентов; исходящих в выборке нет 18 дн."
100000008473765100,terminal,0.6548730734360834,6,0.12598923283983848,"Получил 30,000 KZT от 1 контрагентов; исходящих в выборке нет 27 дн."
100000008474308100,peripheral,1.0,12,0.26329744279946166,"Входящих: 1, исходящих: 1; выраженные признаки основной структурной роли не достигли порога."
100000008474391100,terminal,0.6368880326382592,23,0.17652834946707002,"Получил 20,000 KZT от 1 контрагентов; исходящих в выборке нет 25 дн."
100000008477350100,distributor,0.9818443804034582,0,0.739777842149657,"Направляет 3,374,866 KZT 39 получателям; 44 исходящих операций."
100000008478414100,terminal,0.614687216681777,1,0.09442126514131899,"Получил 10,000 KZT от 1 контрагентов; исходящих в выборке нет 7 дн."
100000008486520100,peripheral,1.0,4,0.286410364579741,"Входящих: 1, исходящих: 1; выраженные признаки основной структурной роли не достигли порога."
100000008488166100,terminal,0.6053037171350861,1,0.0808030506953791,"Получил 5,600 KZT от 1 контрагентов; исходящих в выборке нет 10 дн."
100000008489604100,terminal,0.6181210335448776,1,0.08983400628084343,"Получил 11,000 KZT от 1 контрагентов; исходящих в выборке нет 29 дн."
100000008489922100,distributor,0.9794668587896254,2,0.7128542075886733,"Направляет 3,789,900 KZT 36 получателям; 41 исходящих операций."
100000008490127100,distributor,0.8455331412103747,5,0.5650172355162868,"Направляет 923,000 KZT 6 получателям; 9 исходящих операций."
100000008491390100,terminal,0.6615707162284677,0,0.18279573394441412,"Получил 36,000 KZT от 1 контрагентов; исходящих в выборке нет 26 дн."
100000008493007100,transit,1.0,1,0.33541249023533315,"Вход 26,150 KZT, выход 26,150 KZT; совпадение потока за 1–2 дня: 100%."
100000008497298100,terminal,0.6705138583085093,2,0.21928218932256616,"Получил 600,000 KZT от 1 контрагентов; исходящих в выборке нет 2 дн."
100000008501413100,transit,0.980392156862745,33,0.4599925631498558,"Вход 5,000 KZT, выход 5,100 KZT; совпадение потока за 1–2 дня: 98%."
100000008502995100,terminal,0.6468834995466908,0,0.168492597577389,"Получил 25,000 KZT от 1 контрагентов; исходящих в выборке нет 19 дн."
100000008503177100,peripheral,0.49,6,0.1307895917451772,"Входящих: 1, исходящих: 0; выраженные признаки основной структурной роли не достигли порога."
100000008507703100,terminal,0.6525271985494107,1,0.11986541049798116,"Получил 28,500 KZT от 1 контрагентов; исходящих в выборке нет 28 дн."
100000008512552100,consolidator,0.8994845722271215,16,0.5961743855795412,"Получает от 4 контрагентов; входящий оборот 394,360 KZT; достижим от 2 seed."
100000008512827100,distributor,0.8945244956772334,9,0.768686551882709,"Направляет 1,944,500 KZT 10 получателям; 10 исходящих операций."
100000008513251100,peripheral,0.2,88,0.0,0 входящих и 0 исходящих связей; seed; данных для выраженной структурной роли недостаточно.
100000008514970100,peripheral,1.0,20,0.2476332357428374,"Входящих: 1, исходящих: 1; выраженные признаки основной структурной роли не достигли порога."
100000008516839100,consolidator,0.8618216758497175,19,0.512204625745703,"Получает от 3 контрагентов; входящий оборот 155,000 KZT; достижим от 3 seed."
100000008517061100,peripheral,0.49,14,0.2893719156572454,"Входящих: 1, исходящих: 0; выраженные признаки основной структурной роли не достигли порога. Граница depth=4: дальнейшие переводы не наблюдаются."
100000008517538100,distributor,0.9322766570605188,2,0.5495234195482284,"Направляет 1,439,000 KZT 17 получателям; 18 исходящих операций."
100000008522127100,peripheral,1.0,63,0.23689098250336474,"Входящих: 0, исходящих: 1; выраженные признаки основной структурной роли не достигли порога."
100000008524903100,peripheral,0.49,0,0.15807612874028673,"Входящих: 1, исходящих: 0; выраженные признаки основной структурной роли не достигли порога. Граница depth=4: дальнейшие переводы не наблюдаются."
100000008525136100,peripheral,0.49,0,0.27880399766136027,"Входящих: 1, исходящих: 0; выраженные признаки основной структурной роли не достигли порога. Граница depth=4: дальнейшие переводы не наблюдаются."
100000008531133100,peripheral,1.0,4,0.3537798751003948,"Входящих: 1, исходящих: 3; выраженные признаки основной структурной роли не достигли порога."
100000008531186100,terminal,0.704204442429737,3,0.42820731753574337,"Получил 125,000 KZT от 1 контрагентов; исходящих в выборке нет 9 дн."
100000008532050100,terminal,0.7368766999093381,5,0.3768300182984172,"Получил 455,156 KZT от 1 контрагентов; исходящих в выборке нет 16 дн."
100000008536546100,terminal,0.6956239476751716,21,0.3108343162683262,"Получил 250,000 KZT от 2 контрагентов; исходящих в выборке нет 5 дн."
100000008537380100,terminal,0.6095874886672711,1,0.08386271870794079,"Получил 8,000 KZT от 1 контрагентов; исходящих в выборке нет 10 дн."
100000008545727100,distributor,0.8453890489913545,7,0.5240605532072651,"Направляет 1,866,500 KZT 6 получателям; 7 исходящих операций."
100000008546855100,consolidator,0.855577342214178,17,0.7318112024121193,"Получает от 6 контрагентов; входящий оборот 71,790 KZT; достижим от 3 seed."
100000008547295100,peripheral,0.49,8,0.1170569762225213,"Входящих: 1, исходящих: 0; выраженные признаки основной структурной роли не достигли порога."
100000008547844100,distributor,0.9474063400576368,2,0.688247615110264,"Направляет 2,042,199 KZT 19 получателям; 21 исходящих операций."
100000008547948100,distributor,0.9714697406340058,2,0.6932814889062825,"Направляет 5,185,600 KZT 26 получателям; 31 исходящих операций."
100000008548853100,terminal,0.622812783318223,1,0.14377074921489458,"Получил 14,000 KZT от 1 контрагентов; исходящих в выборке нет 22 дн."
100000008551752100,peripheral,0.49,41,0.31434799953436476,"Входящих: 1, исходящих: 0; выраженные признаки основной структурной роли не достигли порога. Граница depth=4: дальнейшие переводы не наблюдаются."
100000008554390100,peripheral,0.49,18,0.11066846119336025,"Входящих: 1, исходящих: 0; выраженные признаки основной структурной роли не достигли порога. Граница depth=4: дальнейшие переводы не наблюдаются."
100000008555233100,peripheral,0.49,21,0.21842530282637956,"Входящих: 1, исходящих: 0; выраженные признаки основной структурной роли не достигли порога."
100000008555918100,peripheral,1.0,3,0.5814790635797467,"Входящих: 1, исходящих: 2; выраженные признаки основной структурной роли не достигли порога."
100000008556318100,terminal,0.714505893019039,3,0.5385751955079282,"Получил 180,132 KZT от 2 контрагентов; исходящих в выборке нет 12 дн."
100000008557672100,terminal,0.6724841341795104,1,0.1541184387617766,"Получил 49,125 KZT от 1 контрагентов; исходящих в выборке нет 29 дн."
100000008560263100,peripheral,0.49,5,0.3601498926815487,"Входящих: 1, исходящих: 0; выраженные признаки основной структурной роли не достигли порога. Граница depth=4: дальнейшие переводы не наблюдаются."
100000008560717100,consolidator,0.9469418027762814,5,0.5788685103081765,"Получает от 7 контрагентов; входящий оборот 529,000 KZT; достижим от 3 seed."
100000008561016100,transit,0.8108108108108109,2,0.4067737797812597,"Вход 180,000 KZT, выход 185,000 KZT; совпадение потока за 1–2 дня: 43%."
100000008566737100,terminal,0.7215775158658204,0,0.5391689098534677,"Получил 230,000 KZT от 2 контрагентов; исходящих в выборке нет 11 дн."
100000008568512100,terminal,0.7175657298277425,5,0.34889821031277346,"Получил 199,640 KZT от 1 контрагентов; исходящих в выборке нет 19 дн."
100000008571243100,terminal,0.7058703535811424,7,0.17852848811126065,"Получил 134,000 KZT от 1 контрагентов; исходящих в выборке нет 12 дн."
100000008571433100,peripheral,1.0,52,0.3785333489118623,"Входящих: 2, исходящих: 2; выраженные признаки основной структурной роли не достигли порога."
100000008571443100,terminal,0.6838055303717135,13,0.4093865286342008,"Получил 65,000 KZT от 2 контрагентов; исходящих в выборке нет 9 дн."
100000008575624100,peripheral,1.0,49,0.18724988784208169,"Входящих: 0, исходящих: 3; выраженные признаки основной структурной роли не достигли порога."
100000008576243100,terminal,0.6909111514052584,0,0.5008587307255146,"Получил 82,920 KZT от 2 контрагентов; исходящих в выборке нет 21 дн."
100000008576528100,terminal,0.6234457971765315,5,0.28874567554381875,"Получил 28,000 KZT от 1 контрагентов; исходящих в выборке нет 5 дн."
100000008579978100,peripheral,1.0,5,0.4963987486698089,"Входящих: 1, исходящих: 1; выраженные признаки основной структурной роли не достигли порога."
100000008582730100,transit,0.7,17,0.25260879318079854,"Вход 5,000 KZT, выход 5,000 KZT; совпадение потока за 1–2 дня: 0%."
100000008583360100,peripheral,1.0,7,0.28116061538185,"Входящих: 1, исходящих: 1; выраженные признаки основной структурной роли не достигли порога."
100000008583971100,peripheral,0.49,0,0.2719702516653652,"Входящих: 2, исходящих: 0; выраженные признаки основной структурной роли не достигли порога. Граница depth=4: дальнейшие переводы не наблюдаются."
100000008586731100,terminal,0.6192429737080689,12,0.09126962763571109,"Получил 12,000 KZT от 1 контрагентов; исходящих в выборке нет 15 дн."
100000008587459100,peripheral,1.0,0,0.4135867688881023,"Входящих: 2, исходящих: 2; выраженные признаки основной структурной роли не достигли порога."
100000008588665100,peripheral,0.49,0,0.17485046700856846,"Входящих: 1, исходящих: 0; выраженные признаки основной структурной роли не достигли порога. Граница depth=4: дальнейшие переводы не наблюдаются."
100000008595687100,peripheral,1.0,4,0.5468791509748918,"Входящих: 1, исходящих: 1; выраженные признаки основной структурной роли не достигли порога."
100000008596924100,peripheral,0.49,8,0.1483580080753701,"Входящих: 1, исходящих: 0; выраженные признаки основной структурной роли не достигли порога."
100000008598972100,terminal,0.7036264732547597,20,0.1625841184387618,"Получил 120,000 KZT от 1 контрагентов; исходящих в выборке нет 25 дн."
100000008599354100,peripheral,1.0,0,0.4008588364752098,"Входящих: 1, исходящих: 1; выраженные признаки основной структурной роли не достигли порога."
100000008601794100,peripheral,0.49,56,0.38499611285745416,"Входящих: 2, исходящих: 1; выраженные признаки основной структурной роли не достигли порога."
100000008603331100,distributor,0.8161383285302594,2,0.4629672068635419,"Направляет 741,774 KZT 6 получателям; 6 исходящих операций."
100000008603629100,distributor,0.9894812680115274,6,0.8413949141055348,"Направляет 4,986,156 KZT 61 получателям; 74 исходящих операций."
100000008612257100,terminal,0.6117633726201269,16,0.08790937640197398,"Получил 9,500 KZT от 1 контрагентов; исходящих в выборке нет 23 дн."
100000008619159100,peripheral,0.49,64,0.20161507402422613,"Входящих: 1, исходящих: 0; выраженные признаки основной структурной роли не достигли порога. Граница depth=4: дальнейшие переводы не наблюдаются."
100000008619857100,peripheral,1.0,0,0.2826634191644026,"Входящих: 1, исходящих: 2; выраженные признаки основной структурной роли не достигли порога."
100000008620570100,peripheral,1.0,6,0.6131690795188984,"Входящих: 2, исходящих: 2; выраженные признаки основной структурной роли не достигли порога."
100000008624978100,terminal,0.7009406165004533,20,0.49164367919827034,"Получил 109,000 KZT от 1 контрагентов; исходящих в выборке нет 26 дн."
100000008625905100,peripheral,0.49,58,0.679713915145576,"Входящих: 1, исходящих: 2; выраженные признаки основной структурной роли не достигли порога."
100000008628231100,peripheral,1.0,66,0.6667168109171171,"Входящих: 1, исходящих: 2; выраженные признаки основной структурной роли не достигли порога."
100000008628818100,peripheral,0.49,7,0.21963736696370528,"Входящих: 1, исходящих: 0; выраженные признаки основной структурной роли не достигли порога. Граница depth=4: дальнейшие переводы не наблюдаются."
100000008629504100,peripheral,0.49,0,0.13225213100044864,"Входящих: 1, исходящих: 0; выраженные признаки основной структурной роли не достигли порога. Граница depth=4: дальнейшие переводы не наблюдаются."
100000008629581100,terminal,0.6358826576868282,3,0.28411471106419883,"Получил 54,184 KZT от 1 контрагентов; исходящих в выборке нет 4 дн."
100000008631800100,peripheral,0.49,18,0.10832211754149842,"Входящих: 1, исходящих: 0; выраженные признаки основной структурной роли не достигли порога. Граница depth=4: дальнейшие переводы не наблюдаются."
100000008632060100,distributor,0.8547550432276657,0,0.4459759337113669,"Направляет 339,200 KZT 9 получателям; 12 исходящих операций."
100000008633099100,peripheral,1.0,10,0.2562615575083641,"Входящих: 1, исходящих: 1; выраженные признаки основной структурной роли не достигли порога."
100000008634520100,terminal,0.6933930190389845,2,0.3441157966743706,"Получил 90,000 KZT от 1 контрагентов; исходящих в выборке нет 15 дн."
100000008636603100,distributor,0.7770893371757925,4,0.5785103572954555,"Направляет 159,375 KZT 6 получателям; 7 исходящих операций."
100000008637537100,consolidator,0.9461405303758382,40,0.7400332363965135,"Получает от 3 контрагентов; входящий оборот 619,890 KZT; достижим от 4 seed."
100000008638859100,peripheral,0.49,17,0.3866010591892977,"Входящих: 1, исходящих: 0; выраженные признаки основной структурной роли не достигли порога. Граница depth=4: дальнейшие переводы не наблюдаются."
100000008647905100,peripheral,1.0,17,0.40186775649848555,"Входящих: 1, исходящих: 2; выраженные признаки основной структурной роли не достигли порога."
100000008648783100,peripheral,0.49,18,0.08616419919246299,"Входящих: 1, исходящих: 0; выраженные признаки основной структурной роли не достигли порога. Граница depth=4: дальнейшие переводы не наблюдаются."
100000008649416100,peripheral,0.49,16,0.10029609690444147,"Входящих: 1, исходящих: 0; выраженные признаки основной структурной роли не достигли порога. Граница depth=4: дальнейшие переводы не наблюдаются."
100000008650785100,peripheral,1.0,4,0.6546746018291544,"Входящих: 2, исходящих: 2; выраженные признаки основной структурной роли не достигли порога."
100000008652094100,terminal,0.6604487760652765,0,0.181880525330686,"Получил 35,000 KZT от 1 контрагентов; исходящих в выборке нет 15 дн."
100000008653041100,terminal,0.6520172257479601,1,0.16908030506953792,"Получил 28,000 KZT от 1 контрагентов; исходящих в выборке нет 9 дн."
100000008654653100,peripheral,1.0,4,0.12181695827725438,"Входящих: 0, исходящих: 1; выраженные признаки основной структурной роли не достигли порога."
100000008655035100,terminal,0.6548730734360834,10,0.19800434767254332,"Получил 30,000 KZT от 1 контрагентов; исходящих в выборке нет 26 дн."
100000008655779100,peripheral,1.0,28,0.3355154508298937,"Входящих: 1, исходящих: 2; выраженные признаки основной структурной роли не достигли порога."
100000008656043100,terminal,0.5930044683331174,1,0.12917900403768506,"Получил 26,200 KZT от 1 контрагентов; исходящих в выборке нет 3 дн."
100000008659445100,consolidator,0.7405598368087035,43,0.3920147306974163,"Получает от 3 контрагентов; входящий оборот 138,490 KZT; достижим от 0 seed."
100000008659950100,terminal,0.723719401631913,2,0.38157205508621445,"Получил 246,000 KZT от 1 контрагентов; исходящих в выборке нет 18 дн."
100000008661550100,terminal,0.6418177697189483,1,0.11012561686855092,"Получил 22,800 KZT от 1 контрагентов; исходящих в выборке нет 30 дн."
100000008661585100,terminal,0.6669084315503173,1,0.14012113055181696,"Получил 43,141 KZT от 1 контрагентов; исходящих в выборке нет 30 дн."
100000008662216100,terminal,0.6501473254759745,1,0.11716689098250338,"Получил 26,200 KZT от 1 контрагентов; исходящих в выборке нет 30 дн."
100000008662805100,terminal,0.6290344514959202,1,0.0989905787348587,"Получил 16,500 KZT от 1 контрагентов; исходящих в выборке нет 30 дн."
100000008663007100,terminal,0.622812783318223,1,0.09667788245850158,"Получил 14,000 KZT от 1 контрагентов; исходящих в выборке нет 30 дн."
100000008663723100,terminal,0.6273345421577515,1,0.09700986989681473,"Получил 15,600 KZT от 1 контрагентов; исходящих в выборке нет 30 дн."
100000008664469100,terminal,0.6468834995466908,3,0.37069706636740446,"Получил 25,000 KZT от 1 контрагентов; исходящих в выборке нет 8 дн."
100000008664774100,terminal,0.628660471441523,1,0.09858008075370123,"Получил 16,300 KZT от 1 контрагентов; исходящих в выборке нет 29 дн."
100000008665380100,peripheral,1.0,0,0.453032168079068,"Входящих: 2, исходящих: 1; выраженные признаки основной структурной роли не достигли порога."
100000008666075100,terminal,0.6505213055303717,1,0.12155226558995065,"Получил 26,217 KZT от 1 контрагентов; исходящих в выборке нет 29 дн."
100000008667058100,terminal,0.6315163191296463,1,0.10503140421713773,"Получил 17,534 KZT от 1 контрагентов; исходящих в выборке нет 28 дн."
100000008667795100,terminal,0.6592928377153219,1,0.12664647824136385,"Получил 34,000 KZT от 1 контрагентов; исходящих в выборке нет 29 дн."
100000008667799100,terminal,0.6592928377153219,1,0.12664647824136385,"Получил 34,000 KZT от 1 контрагентов; исходящих в выборке нет 29 дн."
100000008668099100,terminal,0.6276745240253853,1,0.09739569313593541,"Получил 15,700 KZT от 1 контрагентов; исходящих в выборке нет 29 дн."
100000008669037100,peripheral,0.2,89,0.0,0 входящих и 0 исходящих связей; seed; данных для выраженной структурной роли недостаточно.
100000008669310100,terminal,0.6381945343867375,0,0.2346844732894119,"Получил 59,567 KZT от 1 контрагентов; исходящих в выборке нет 4 дн."
100000008670667100,terminal,0.6269605621033545,1,0.10072005383580082,"Получил 15,534 KZT от 1 контрагентов; исходящих в выборке нет 28 дн."
100000008671026100,terminal,0.6432116953762466,1,0.11585240017945268,"Получил 23,534 KZT от 1 контрагентов; исходящих в выборке нет 28 дн."
100000008671081100,terminal,0.6624206708975521,1,0.13018393898609243,"Получил 37,200 KZT от 1 контрагентов; исходящих в выборке нет 28 дн."
100000008671129100,terminal,0.6501473254759745,1,0.11716689098250338,"Получил 26,200 KZT от 1 контрагентов; исходящих в выборке нет 28 дн."
100000008671929100,terminal,0.6879193109700815,3,0.44832829113187284,"Получил 75,000 KZT от 1 контрагентов; исходящих в выборке нет 10 дн."
100000008672162100,terminal,0.6271645512239347,1,0.10095558546433378,"Получил 15,550 KZT от 1 контрагентов; исходящих в выборке нет 28 дн."
100000008672200100,terminal,0.6105394378966454,1,0.08586810228802154,"Получил 8,511 KZT от 1 контрагентов; исходящих в выборке нет 28 дн."
100000008672480100,terminal,0.6212828649138712,1,0.10171601615074025,"Получил 13,000 KZT от 1 контрагентов; исходящих в выборке нет 28 дн."
100000008672493100,terminal,0.622812783318223,1,0.09377074921489459,"Получил 14,000 KZT от 1 контрагентов; исходящих в выборке нет 28 дн."
100000008672603100,terminal,0.6402198549410698,3,0.19485495332530245,"Получил 21,200 KZT от 1 контрагентов; исходящих в выборке нет 28 дн."
100000008672762100,terminal,0.6212828649138712,1,0.10171601615074025,"Получил 13,000 KZT от 1 контрагентов; исходящих в выборке нет 28 дн."
100000008673001100,terminal,0.6898232094288305,19,0.1456617317182593,"Получил 80,000 KZT от 1 контрагентов; исходящих в выборке нет 11 дн."
100000008675322100,peripheral,0.49,36,0.4378573848304944,"Входящих: 1, исходящих: 0; выраженные признаки основной структурной роли не достигли порога. Граница depth=4: дальнейшие переводы не наблюдаются."
100000008676812100,terminal,0.721713508612874,17,0.26737101839389865,"Получил 230,800 KZT от 1 контрагентов; исходящих в выборке нет 22 дн."
100000008677215100,terminal,0.6110834088848595,23,0.13647002734952854,"Получил 9,000 KZT от 1 контрагентов; исходящих в выборке нет 26 дн."
100000008677368100,peripheral,0.49,10,0.11099147599820547,"Входящих: 1, исходящих: 0; выраженные признаки основной структурной роли не достигли порога. Граница depth=4: дальнейшие переводы не наблюдаются."
100000008677518100,terminal,0.6720761559383499,1,0.14032301480484521,"Получил 48,700 KZT от 1 контрагентов; исходящих в выборке нет 26 дн."
100000008679986100,terminal,0.6342361740707162,1,0.10768281740690894,"Получил 19,000 KZT от 1 контрагентов; исходящих в выборке нет 25 дн."
100000008680061100,peripheral,0.49,5,0.19050246747420368,"Входящих: 1, исходящих: 0; выраженные признаки основной структурной роли не достигли порога. Граница depth=4: дальнейшие переводы не наблюдаются."
100000008680451100,terminal,0.6432116953762466,1,0.11585240017945268,"Получил 23,534 KZT от 1 контрагентов; исходящих в выборке нет 25 дн."
100000008680731100,distributor,0.954178674351585,12,0.29775629193472664,"Направляет 1,464,354 KZT 27 получателям; 28 исходящих операций."
100000008680912100,peripheral,1.0,0,0.3896186630776133,"Входящих: 1, исходящих: 1; выраженные признаки основной структурной роли не достигли порога."
100000008682426100,terminal,0.6368880326382592,14,0.11436518618214446,"Получил 20,000 KZT от 1 контрагентов; исходящих в выборке нет 13 дн."
100000008683818100,terminal,0.630938349954669,1,0.11211754149842978,"Получил 17,400 KZT от 1 контрагентов; исходящих в выборке нет 24 дн."
100000008684452100,terminal,0.6767679057116953,1,0.14418124719605205,"Получил 51,800 KZT от 1 контрагентов; исходящих в выборке нет 23 дн."
100000008684767100,terminal,0.6570829555757026,1,0.12374383131449081,"Получил 31,100 KZT от 1 контрагентов; исходящих в выборке нет 24 дн."
100000008684951100,terminal,0.6305303717135086,1,0.10020188425302827,"Получил 17,200 KZT от 1 контрагентов; исходящих в выборке нет 24 дн."
100000008686214100,terminal,0.6468834995466908,6,0.1990092826209507,"Получил 25,000 KZT от 1 контрагентов; исходящих в выборке нет 9 дн."
100000008686234100,terminal,0.6639845874886673,0,0.13502018842530283,"Получил 39,778 KZT от 1 контрагентов; исходящих в выборке нет 23 дн."
100000008686247100,peripheral,1.0,24,0.21528039479587258,"Входящих: 1, исходящих: 1; выраженные признаки основной структурной роли не достигли порога."
100000008686313100,consolidator,0.9631702705913312,0,0.7633121229609684,"Получает от 6 контрагентов; входящий оборот 1,912,716 KZT; достижим от 3 seed."
100000008686494100,terminal,0.6276745240253853,1,0.09739569313593541,"Получил 15,700 KZT от 1 контрагентов; исходящих в выборке нет 23 дн."
100000008687492100,terminal,0.6252266545784224,1,0.10604755495738,"Получил 15,000 KZT от 1 контрагентов; исходящих в выборке нет 23 дн."
100000008687617100,terminal,0.666976427923844,1,0.16969941677882458,"Получил 43,350 KZT от 1 контрагентов; исходящих в выборке нет 16 дн."
100000008687671100,terminal,0.6625906618313689,1,0.1350471063257066,"Получил 37,500 KZT от 1 контрагентов; исходящих в выборке нет 22 дн."
100000008687733100,terminal,0.6238667271078876,1,0.09468820098698968,"Получил 14,650 KZT от 1 контрагентов; исходящих в выборке нет 23 дн."
100000008687990100,terminal,0.6318223028105168,1,0.10125616868550921,"Получил 17,600 KZT от 1 контрагентов; исходящих в выборке нет 23 дн."
100000008688109100,terminal,0.6208748866727107,1,0.09220726783310902,"Получил 12,800 KZT от 1 контрагентов; исходящих в выборке нет 23 дн."
100000008688155100,terminal,0.6433476881233001,1,0.11170255720053837,"Получил 23,600 KZT от 1 контрагентов; исходящих в выборке нет 23 дн."
100000008688476100,terminal,0.6445716228467815,1,0.12477792732166891,"Получил 24,000 KZT от 1 контрагентов; исходящих в выборке нет 23 дн."
100000008688881100,terminal,0.6673844061650045,1,0.14899506505159266,"Получил 44,211 KZT от 1 контрагентов; исходящих в выборке нет 23 дн."
100000008690762100,terminal,0.6508612873980054,1,0.16781067743382683,"Получил 26,750 KZT от 1 контрагентов; исходящих в выборке нет 22 дн."
100000008690932100,terminal,0.6420557570262919,1,0.11484970838941229,"Получил 23,000 KZT от 1 контрагентов; исходящих в выборке нет 22 дн."
100000008691027100,terminal,0.6315163191296463,1,0.10503140421713773,"Получил 17,534 KZT от 1 контрагентов; исходящих в выборке нет 22 дн."
100000008691168100,terminal,0.6445716228467815,1,0.12477792732166891,"Получил 24,000 KZT от 1 контрагентов; исходящих в выборке нет 22 дн."
100000008691330100,terminal,0.6403898458748867,1,0.11312247644683715,"Получил 21,440 KZT от 1 контрагентов; исходящих в выборке нет 22 дн."
100000008691495100,terminal,0.6512692656391659,1,0.12258860475549575,"Получил 27,000 KZT от 1 контрагентов; исходящих в выборке нет 22 дн."
100000008692291100,consolidator,0.855577342214178,2,0.6036023872154753,"Получает от 3 контрагентов; входящий оборот 160,000 KZT; достижим от 3 seed."
100000008693069100,terminal,0.6368880326382592,1,0.11008524001794527,"Получил 20,000 KZT от 1 контрагентов; исходящих в выборке нет 22 дн."
100000008695133100,terminal,0.6618087035358114,1,0.17962314939434726,"Получил 36,610 KZT от 1 контрагентов; исходящих в выборке нет 21 дн."
100000008695157100,peripheral,0.49,6,0.22520861372812923,"Входящих: 1, исходящих: 0; выраженные признаки основной структурной роли не достигли порога. Граница depth=4: дальнейшие переводы не наблюдаются."
100000008695495100,terminal,0.6397778785131459,1,0.11237999102736654,"Получил 21,000 KZT от 1 контрагентов; исходящих в выборке нет 21 дн."
100000008695566100,terminal,0.6588848594741613,1,0.17626289816061014,"Получил 33,700 KZT от 1 контрагентов; исходящих в выборке нет 21 дн."
100000008695689100,terminal,0.6501473254759745,1,0.16716689098250337,"Получил 26,200 KZT от 1 контрагентов; исходящих в выборке нет 21 дн."
100000008696692100,terminal,0.6342361740707162,1,0.1149304620906236,"Получил 19,000 KZT от 1 контрагентов; исходящих в выборке нет 21 дн."
100000008696919100,terminal,0.6577289211242067,1,0.12935845670704355,"Получил 31,945 KZT от 1 контрагентов; исходящих в выборке нет 21 дн."
100000008697670100,terminal,0.6483454215775158,1,0.16549573799910275,"Получил 25,350 KZT от 1 контрагентов; исходящих в выборке нет 21 дн."
100000008699083100,peripheral,0.49,9,0.18991027366532076,"Входящих: 1, исходящих: 0; выраженные признаки основной структурной роли не достигли порога. Граница depth=4: дальнейшие переводы не наблюдаются."
100000008701222100,peripheral,0.2,90,0.0,0 входящих и 0 исходящих связей; seed; данных для выраженной структурной роли недостаточно.
100000008701256100,terminal,0.6807796917497734,0,0.2772865369951095,"Получил 58,250 KZT от 1 контрагентов; исходящих в выборке нет 7 дн."
100000008701944100,terminal,0.6769718948322756,15,0.30102812515123334,"Получил 52,124 KZT от 1 контрагентов; исходящих в выборке нет 19 дн."
100000008703533100,peripheral,0.49,2,0.15452669358456705,"Входящих: 1, исходящих: 0; выраженные признаки основной структурной роли не достигли порога. Граница depth=4: дальнейшие переводы не наблюдаются."
100000008706846100,terminal,0.6234247506799637,1,0.09419021982951997,"Получил 14,200 KZT от 1 контрагентов; исходящих в выборке нет 18 дн."
100000008706947100,terminal,0.6305303717135086,1,0.10020188425302827,"Получил 17,200 KZT от 1 контрагентов; исходящих в выборке нет 18 дн."
100000008707810100,terminal,0.6501473254759745,1,0.11716689098250338,"Получил 26,200 KZT от 1 контрагентов; исходящих в выборке нет 18 дн."
100000008708025100,terminal,0.6004015023960627,28,0.12498654104979812,"Получил 10,000 KZT от 1 контрагентов; исходящих в выборке нет 6 дн."
100000008708061100,terminal,0.6106074342701723,1,0.08486316733961419,"Получил 8,650 KZT от 1 контрагентов; исходящих в выборке нет 18 дн."
100000008708207100,peripheral,0.49,2,0.4352822390252005,"Входящих: 2, исходящих: 0; выраженные признаки основной структурной роли не достигли порога."
100000008708368100,terminal,0.6437216681776972,1,0.11639075818752805,"Получил 23,677 KZT от 1 контрагентов; исходящих в выборке нет 18 дн."
100000008708595100,terminal,0.6305303717135086,1,0.10020188425302827,"Получил 17,200 KZT от 1 контрагентов; исходящих в выборке нет 18 дн."
100000008708743100,terminal,0.6271645512239347,1,0.0968371467025572,"Получил 15,550 KZT от 1 контрагентов; исходящих в выборке нет 18 дн."
100000008710791100,distributor,0.9657060518731989,2,0.7807687912427473,"Направляет 5,521,511 KZT 23 получателям; 25 исходящих операций."
100000008710843100,distributor,0.9197406340057637,21,0.6545347327325958,"Направляет 1,985,500 KZT 13 получателям; 14 исходящих операций."
100000008710913100,peripheral,0.49,2,0.21145881155769364,"Входящих: 1, исходящих: 0; выраженные признаки основной структурной роли не достигли порога. Граница depth=4: дальнейшие переводы не наблюдаются."
100000008712036100,terminal,0.6397778785131459,1,0.15832211754149844,"Получил 21,000 KZT от 1 контрагентов; исходящих в выборке нет 17 дн."
100000008712184100,terminal,0.6328762466001813,1,0.15226110363391657,"Получил 18,000 KZT от 1 контрагентов; исходящих в выборке нет 17 дн."
100000008712827100,terminal,0.6887012692656391,1,0.2077478689995514,"Получил 76,000 KZT от 1 контрагентов; исходящих в выборке нет 17 дн."
100000008712991100,terminal,0.684315503173164,1,0.2030686406460296,"Получил 66,100 KZT от 1 контрагентов; исходящих в выборке нет 17 дн."
100000008713270100,peripheral,1.0,8,0.3000033084664219,"Входящих: 1, исходящих: 3; выраженные признаки основной структурной роли не достигли порога."
100000008713685100,terminal,0.6728921124206709,1,0.14113055181695827,"Получил 49,700 KZT от 1 контрагентов; исходящих в выборке нет 17 дн."
100000008714412100,terminal,0.7130099728014505,7,0.18727231942575145,"Получил 169,000 KZT от 1 контрагентов; исходящих в выборке нет 15 дн."
100000008715513100,peripheral,0.49,18,0.1458770749214895,"Входящих: 1, исходящих: 0; выраженные признаки основной структурной роли не достигли порога. Граница depth=4: дальнейшие переводы не наблюдаются."
100000008715887100,terminal,0.6328762466001813,1,0.10226110363391655,"Получил 18,000 KZT от 1 контрагентов; исходящих в выборке нет 16 дн."
100000008716072100,terminal,0.6196509519492294,1,0.09113055181695828,"Получил 12,100 KZT от 1 контрагентов; исходящих в выборке нет 16 дн."
100000008716222100,terminal,0.6328762466001813,1,0.10637954239569314,"Получил 18,000 KZT от 1 контрагентов; исходящих в выборке нет 16 дн."
100000008716439100,terminal,0.6199909338168631,1,0.09331987438313147,"Получил 12,267 KZT от 1 контрагентов; исходящих в выборке нет 16 дн."
100000008716773100,terminal,0.6275045330915684,1,0.10144235082996861,"Получил 15,677 KZT от 1 контрагентов; исходящих в выборке нет 16 дн."
100000008717340100,terminal,0.6661604714415231,1,0.13882907133243605,"Получил 41,500 KZT от 1 контрагентов; исходящих в выборке нет 16 дн."
100000008717341100,terminal,0.623730734360834,1,0.09778824585015702,"Получил 14,627 KZT от 1 контрагентов; исходящих в выборке нет 16 дн."
100000008717375100,terminal,0.6534451495920217,3,0.20839914354513195,"Получил 29,506 KZT от 1 контрагентов; исходящих в выборке нет 7 дн."
100000008717802100,terminal,0.6496033544877606,1,0.11660834454912518,"Получил 26,150 KZT от 1 контрагентов; исходящих в выборке нет 16 дн."
100000008718089100,terminal,0.6269605621033545,1,0.10072005383580082,"Получил 15,534 KZT от 1 контрагентов; исходящих в выборке нет 16 дн."
100000008718811100,terminal,0.6874433363553943,1,0.1564737550471063,"Получил 73,300 KZT от 1 контрагентов; исходящих в выборке нет 16 дн."
100000008720668100,terminal,0.6282524932003626,1,0.09798340062808435,"Получил 16,000 KZT от 1 контрагентов; исходящих в выборке нет 15 дн."
100000008720798100,terminal,0.6269605621033545,1,0.10072005383580082,"Получил 15,534 KZT от 1 контрагентов; исходящих в выборке нет 11 дн."
100000008720856100,peripheral,0.49,5,0.2760261906527329,"Входящих: 1, исходящих: 1; выраженные признаки основной структурной роли не достигли порога."
100000008721637100,peripheral,1.0,8,0.31777407249270656,"Входящих: 1, исходящих: 2; выраженные признаки основной структурной роли не достигли порога."
100000008722328100,terminal,0.6437216681776972,1,0.11639075818752805,"Получил 23,677 KZT от 1 контрагентов; исходящих в выборке нет 15 дн."
100000008722417100,peripheral,1.0,5,0.537581416433937,"Входящих: 1, исходящих: 3; выраженные признаки основной структурной роли не достигли порога."
100000008722541100,peripheral,0.49,5,0.39785289851376043,"Входящих: 1, исходящих: 0; выраженные признаки основной структурной роли не достигли порога. Граница depth=4: дальнейшие переводы не наблюдаются."
100000008723830100,transit,0.9920557326901597,4,0.5425635620534547,"Вход 459,785 KZT, выход 455,000 KZT; совпадение потока за 1–2 дня: 100%."
100000008724279100,terminal,0.6187669990933816,4,0.1555189282019287,"Получил 11,750 KZT от 1 контрагентов; исходящих в выборке нет 11 дн."
100000008724461100,peripheral,1.0,2,0.27200070253173564,"Входящих: 1, исходящих: 1; выраженные признаки основной структурной роли не достигли порога."
100000008727982100,peripheral,0.49,8,0.1612427097353073,"Входящих: 1, исходящих: 0; выраженные признаки основной структурной роли не достигли порога. Граница depth=4: дальнейшие переводы не наблюдаются."
100000008728457100,terminal,0.6684383499546691,11,0.4183553659879641,"Получил 45,000 KZT от 1 контрагентов; исходящих в выборке нет 11 дн."
100000008729597100,terminal,0.6909791477787851,6,0.16562135486765367,"Получил 83,090 KZT от 1 контрагентов; исходящих в выборке нет 13 дн."
100000008729801100,terminal,0.6315163191296463,1,0.10503140421713773,"Получил 17,534 KZT от 1 контрагентов; исходящих в выборке нет 13 дн."
100000008730021100,terminal,0.6883952855847688,15,0.3576230107501567,"Получил 75,555 KZT от 1 контрагентов; исходящих в выборке нет 8 дн."
100000008730238100,peripheral,0.49,2,0.16422611036339166,"Входящих: 1, исходящих: 0; выраженные признаки основной структурной роли не достигли порога. Граница depth=4: дальнейшие переводы не наблюдаются."
100000008730371100,peripheral,0.49,0,0.4101532933881108,"Входящих: 2, исходящих: 0; выраженные признаки основной структурной роли не достигли порога."
100000008730846100,consolidator,0.9161767951083859,11,0.7886268005055997,"Получает от 7 контрагентов; входящий оборот 155,042 KZT; достижим от 4 seed."
100000008731444100,consolidator,0.907673897064586,0,0.6936884575780187,"Получает от 3 контрагентов; входящий оборот 439,000 KZT; достижим от 3 seed."
100000008732098100,terminal,0.6275045330915684,1,0.10144235082996861,"Получил 15,677 KZT от 1 контрагентов; исходящих в выборке нет 13 дн."
100000008732488100,peripheral,1.0,6,0.26245716091796484,"Входящих: 1, исходящих: 1; выраженные признаки основной структурной роли не достигли порога."
100000008733049100,terminal,0.614687216681777,15,0.27498838527912606,"Получил 10,000 KZT от 1 контрагентов; исходящих в выборке нет 8 дн."
100000008733194100,consolidator,0.916743431554442,13,0.7657816339090736,"Получает от 4 контрагентов; входящий оборот 251,424 KZT; достижим от 4 seed."
100000008734279100,peripheral,0.49,6,0.09380439659039928,"Входящих: 1, исходящих: 0; выраженные признаки основной структурной роли не достигли порога. Граница depth=4: дальнейшие переводы не наблюдаются."
100000008734364100,terminal,0.6501473254759745,1,0.12917900403768506,"Получил 26,200 KZT от 1 контрагентов; исходящих в выборке нет 11 дн."
100000008735384100,terminal,0.6635766092475067,1,0.13673396141767608,"Получил 39,220 KZT от 1 контрагентов; исходящих в выборке нет 9 дн."
100000008735802100,peripheral,0.49,0,0.3507858640475995,"Входящих: 1, исходящих: 0; выраженные признаки основной структурной роли не достигли порога. Граница depth=4: дальнейшие переводы не наблюдаются."
100000008735832100,terminal,0.6318223028105168,1,0.10125616868550921,"Получил 17,600 KZT от 1 контрагентов; исходящих в выборке нет 11 дн."
100000008736173100,terminal,0.6569129646418858,1,0.12829519964109465,"Получил 31,060 KZT от 1 контрагентов; исходящих в выборке нет 11 дн."
100000008736394100,terminal,0.6282524932003626,1,0.10884477344100493,"Получил 16,000 KZT от 1 контрагентов; исходящих в выборке нет 11 дн."
100000008736760100,terminal,0.6789437896645512,1,0.15156123822341855,"Получил 54,757 KZT от 1 контрагентов; исходящих в выборке нет 11 дн."
100000008736940100,consolidator,0.83595620183848,43,0.4354181778309185,"Получает от 3 контрагентов; входящий оборот 451,090 KZT; достижим от 1 seed."
100000008737422100,terminal,0.6890072529465096,1,0.16341408703454463,"Получил 76,903 KZT от 1 контрагентов; исходящих в выборке нет 11 дн."
100000008737514100,terminal,0.663087682942624,15,0.35536299272641186,"Получил 85,000 KZT от 1 контрагентов; исходящих в выборке нет 5 дн."
100000008737958100,terminal,0.6209169796658464,1,0.18846119336025124,"Получил 53,373 KZT от 2 контрагентов; исходящих в выборке нет 3 дн."
100000008738325100,peripheral,1.0,19,0.23824543822476674,"Входящих: 1, исходящих: 1; выраженные признаки основной структурной роли не достигли порога."
100000008738526100,peripheral,1.0,21,0.24936561309375355,"Входящих: 1, исходящих: 1; выраженные признаки основной структурной роли не достигли порога."
100000008738658100,terminal,0.6535811423390753,1,0.12119336025123374,"Получил 29,920 KZT от 1 контрагентов; исходящих в выборке нет 10 дн."
100000008739887100,peripheral,1.0,6,0.5021753437080756,"Входящих: 2, исходящих: 2; выраженные признаки основной структурной роли не достигли порога."
100000008740295100,peripheral,0.49,2,0.27079483668106735,"Входящих: 1, исходящих: 0; выраженные признаки основной структурной роли не достигли порога. Граница depth=4: дальнейшие переводы не наблюдаются."
100000008740793100,terminal,0.6397778785131459,1,0.10832211754149842,"Получил 21,000 KZT от 1 контрагентов; исходящих в выборке нет 10 дн."
100000008741372100,terminal,0.6614007252946509,1,0.1333871691341409,"Получил 35,975 KZT от 1 контрагентов; исходящих в выборке нет 10 дн."
100000008742053100,distributor,0.9125360230547551,9,0.45212197017990136,"Направляет 2,789,000 KZT 12 получателям; 12 исходящих операций."
100000008742266100,terminal,0.6397778785131459,1,0.11991027366532078,"Получил 21,000 KZT от 1 контрагентов; исходящих в выборке нет 10 дн."
100000008743913100,distributor,0.9132564841498559,21,0.7794105287683831,"Направляет 1,850,600 KZT 13 получателям; 13 исходящих операций."
100000008744364100,terminal,0.6439256572982774,1,0.1623059668012562,"Получил 23,700 KZT от 1 контрагентов; исходящих в выборке нет 9 дн."
100000008744799100,terminal,0.6206708975521306,1,0.14183041722745626,"Получил 12,600 KZT от 1 контрагентов; исходящих в выборке нет 9 дн."
100000008744849100,terminal,0.6675883952855848,1,0.14113503813369224,"Получил 44,445 KZT от 1 контрагентов; исходящих в выборке нет 9 дн."
100000008745474100,terminal,0.6656165004533091,1,0.13829968595782863,"Получил 40,559 KZT от 1 контрагентов; исходящих в выборке нет 9 дн."
100000008745489100,terminal,0.6796917497733453,1,0.15216689098250336,"Получил 55,539 KZT от 1 контрагентов; исходящих в выборке нет 9 дн."
100000008745643100,terminal,0.6390299184043517,1,0.11158815612382235,"Получил 20,313 KZT от 1 контрагентов; исходящих в выборке нет 9 дн."
100000008745676100,peripheral,0.49,1,0.13142216240466575,"Входящих: 1, исходящих: 0; выраженные признаки основной структурной роли не достигли порога. Граница depth=4: дальнейшие переводы не наблюдаются."
100000008745725100,terminal,0.6707502266545784,1,0.14396366083445492,"Получил 47,060 KZT от 1 контрагентов; исходящих в выборке нет 9 дн."
100000008745863100,terminal,0.641885766092475,1,0.1602916105877075,"Получил 22,900 KZT от 1 контрагентов; исходящих в выборке нет 9 дн."
100000008745884100,terminal,0.6368880326382592,1,0.1556639748766263,"Получил 20,000 KZT от 1 контрагентов; исходящих в выборке нет 9 дн."
100000008746025100,terminal,0.6409338168631006,1,0.11369672498878422,"Получил 22,000 KZT от 1 контрагентов; исходящих в выборке нет 9 дн."
100000008746449100,distributor,0.8806916426512968,2,0.5645751583359024,"Направляет 1,009,000 KZT 10 получателям; 10 исходящих операций."
100000008746673100,terminal,0.6779238440616501,1,0.15027366532077163,"Получил 53,048 KZT от 1 контрагентов; исходящих в выборке нет 9 дн."
100000008747113100,terminal,0.6885863230151534,5,0.5511117284516643,"Получил 197,801 KZT от 2 контрагентов; исходящих в выборке нет 5 дн."
100000008748408100,distributor,0.9451008645533141,8,0.40133073388179097,"Направляет 1,499,960 KZT 21 получателям; 22 исходящих операций."
100000008748795100,terminal,0.6706482320942883,0,0.1904269587088825,"Получил 47,057 KZT от 1 контрагентов; исходящих в выборке нет 8 дн."
100000008748914100,distributor,0.9424351585014409,3,0.5350797058914948,"Направляет 4,471,847 KZT 13 получателям; 21 исходящих операций."
100000008749063100,terminal,0.6342361740707162,1,0.10768281740690894,"Получил 19,000 KZT от 1 контрагентов; исходящих в выборке нет 8 дн."
100000008749405100,terminal,0.662318676337262,1,0.18005607895917453,"Получил 37,150 KZT от 1 контрагентов; исходящих в выборке нет 8 дн."
100000008749406100,terminal,0.6300883952855848,1,0.10395020188425304,"Получил 17,144 KZT от 1 контрагентов; исходящих в выборке нет 8 дн."
100000008749618100,terminal,0.6710562103354487,1,0.14418124719605205,"Получил 47,280 KZT от 1 контрагентов; исходящих в выборке нет 8 дн."
100000008749900100,terminal,0.6302583862194016,1,0.14988335576491701,"Получил 17,150 KZT от 1 контрагентов; исходящих в выборке нет 8 дн."
100000008749989100,terminal,0.6282524932003626,1,0.10884477344100493,"Получил 16,000 KZT от 1 контрагентов; исходящих в выборке нет 8 дн."
100000008750464100,terminal,0.6103354487760653,1,0.13460296096904442,"Получил 8,500 KZT от 1 контрагентов; исходящих в выборке нет 8 дн."
100000008751349100,terminal,0.6186990027198549,27,0.09422611036339167,"Получил 11,630 KZT от 1 контрагентов; исходящих в выборке нет 8 дн."
100000008751380100,peripheral,0.49,2,0.48822920215076654,"Входящих: 2, исходящих: 0; выраженные признаки основной структурной роли не достигли порога."
100000008751429100,consolidator,0.823274878175742,43,0.46067294751009424,"Получает от 3 контрагентов; входящий оборот 386,200 KZT; достижим от 1 seed."
100000008752616100,distributor,0.8460374639769452,2,0.707652028748249,"Направляет 1,265,000 KZT 7 получателям; 7 исходящих операций."
100000008753061100,terminal,0.5952823468462634,1,0.20394795872588606,"Получил 28,400 KZT от 1 контрагентов; исходящих в выборке нет 3 дн."
100000008753193100,terminal,0.6609247506799637,1,0.1828847016599372,"Получил 35,225 KZT от 1 контрагентов; исходящих в выборке нет 7 дн."
100000008753897100,terminal,0.6451155938349954,1,0.16307761327949755,"Получил 24,050 KZT от 1 контрагентов; исходящих в выборке нет 7 дн."
100000008754608100,peripheral,0.49,1,0.14143562135486765,"Входящих: 1, исходящих: 0; выраженные признаки основной структурной роли не достигли порога."
100000008754747100,terminal,0.6690843155031732,1,0.18759982054733065,"Получил 45,500 KZT от 1 контрагентов; исходящих в выборке нет 7 дн."
100000008754997100,terminal,0.6328762466001813,1,0.10226110363391655,"Получил 18,000 KZT от 1 контрагентов; исходящих в выборке нет 7 дн."
100000008755168100,terminal,0.6318223028105168,1,0.10125616868550921,"Получил 17,600 KZT от 1 контрагентов; исходящих в выборке нет 7 дн."
100000008755361100,terminal,0.623730734360834,1,0.14778824585015704,"Получил 14,627 KZT от 1 контрагентов; исходящих в выборке нет 7 дн."
100000008755580100,terminal,0.6282524932003626,1,0.09798340062808435,"Получил 16,000 KZT от 1 контрагентов; исходящих в выборке нет 7 дн."
100000008755754100,terminal,0.5365610024608212,9,0.05820098698968148,"Получил 7,000 KZT от 1 контрагентов; исходящих в выборке нет 2 дн."
100000008757301100,peripheral,0.49,0,0.2906729475100942,"Входящих: 1, исходящих: 0; выраженные признаки основной структурной роли не достигли порога. Граница depth=4: дальнейшие переводы не наблюдаются."
100000008757369100,peripheral,1.0,0,0.32525251329111027,"Входящих: 1, исходящих: 1; выраженные признаки основной структурной роли не достигли порога."
100000008758106100,peripheral,0.49,2,0.15342830460390272,"Входящих: 1, исходящих: 0; выраженные признаки основной структурной роли не достигли порога. Граница depth=4: дальнейшие переводы не наблюдаются."
100000008758168100,distributor,0.8023054755043227,21,0.6824412763401829,"Направляет 1,533,600 KZT 5 получателям; 5 исходящих операций."
100000008758607100,peripheral,0.49,2,0.14528563973176273,"Входящих: 1, исходящих: 0; выраженные признаки основной структурной роли не достигли порога. Граница depth=4: дальнейшие переводы не наблюдаются."
100000008759795100,peripheral,0.49,18,0.11823687752355316,"Входящих: 1, исходящих: 0; выраженные признаки основной структурной роли не достигли порога. Граница depth=4: дальнейшие переводы не наблюдаются."
100000008759857100,peripheral,1.0,21,0.4551292136823793,"Входящих: 1, исходящих: 2; выраженные признаки основной структурной роли не достигли порога."
100000008760098100,peripheral,1.0,21,0.4276415510533977,"Входящих: 1, исходящих: 1; выраженные признаки основной структурной роли не достигли порога."
100000008761132100,peripheral,0.49,2,0.15342830460390272,"Входящих: 1, исходящих: 0; выраженные признаки основной структурной роли не достигли порога. Граница depth=4: дальнейшие переводы не наблюдаются."
100000008761219100,peripheral,1.0,48,0.643509711691927,"Входящих: 2, исходящих: 2; выраженные признаки основной структурной роли не достигли порога."
100000008761220100,peripheral,0.49,2,0.15342830460390272,"Входящих: 1, исходящих: 0; выраженные признаки основной структурной роли не достигли порога. Граница depth=4: дальнейшие переводы не наблюдаются."
100000008762005100,peripheral,0.49,2,0.08004037685060567,"Входящих: 1, исходящих: 0; выраженные признаки основной структурной роли не достигли порога. Граница depth=4: дальнейшие переводы не наблюдаются."
100000008762728100,terminal,0.5584218365496697,4,0.3712490402813693,"Получил 17,026 KZT от 1 контрагентов; исходящих в выборке нет 2 дн."
100000008762832100,peripheral,0.49,3,0.29685509196949306,"Входящих: 1, исходящих: 1; выраженные признаки основной структурной роли не достигли порога."
100000008762843100,peripheral,0.49,2,0.08439883355764918,"Входящих: 1, исходящих: 0; выраженные признаки основной структурной роли не достигли порога. Граница depth=4: дальнейшие переводы не наблюдаются."
100000008762885100,peripheral,0.49,2,0.08439883355764918,"Входящих: 1, исходящих: 0; выраженные признаки основной структурной роли не достигли порога. Граница depth=4: дальнейшие переводы не наблюдаются."
100000008763688100,terminal,0.5969207356560031,1,0.10832211754149842,"Получил 21,000 KZT от 1 контрагентов; исходящих в выборке нет 4 дн."
100000008764436100,terminal,0.5789016966714157,1,0.1021399730820996,"Получил 13,100 KZT от 1 контрагентов; исходящих в выборке нет 4 дн."
100000008764654100,terminal,0.6067462116306178,1,0.11660834454912518,"Получил 26,150 KZT от 1 контрагентов; исходящих в выборке нет 4 дн."
100000008765494100,terminal,0.6017144799896387,1,0.12477792732166891,"Получил 24,000 KZT от 1 контрагентов; исходящих в выборке нет 4 дн."
100000008765627100,terminal,0.624350796528947,8,0.1529430237774787,"Получил 60,000 KZT от 1 контрагентов; исходящих в выборке нет 3 дн."
100000008766031100,peripheral,0.49,2,0.14601242304266449,"Входящих: 1, исходящих: 0; выраженные признаки основной структурной роли не достигли порога. Граница depth=4: дальнейшие переводы не наблюдаются."
100000008766764100,peripheral,0.49,2,0.14528563973176273,"Входящих: 1, исходящих: 0; выраженные признаки основной структурной роли не достигли порога. Граница depth=4: дальнейшие переводы не наблюдаются."
100000008767027100,terminal,0.5305093252169408,21,0.3106478738390184,"Получил 5,000 KZT от 1 контрагентов; исходящих в выборке нет 2 дн."
100000008767065100,terminal,0.5432586452532056,21,0.31903279981479227,"Получил 10,000 KZT от 1 контрагентов; исходящих в выборке нет 2 дн."
100000008767925100,terminal,0.5729455381427276,1,0.10395020188425304,"Получил 17,144 KZT от 1 контрагентов; исходящих в выборке нет 3 дн."
100000008767950100,terminal,0.5736595000647584,1,0.10064154329295649,"Получил 17,350 KZT от 1 контрагентов; исходящих в выборке нет 3 дн."
100000008768896100,terminal,0.6136073695117212,1,0.14396366083445492,"Получил 47,060 KZT от 1 контрагентов; исходящих в выборке нет 3 дн."
100000008769097100,terminal,0.5999400984328455,1,0.12374383131449081,"Получил 31,100 KZT от 1 контрагентов; исходящих в выборке нет 3 дн."
100000008769636100,terminal,0.5851508871907783,1,0.11509196949304622,"Получил 23,118 KZT от 1 контрагентов; исходящих в выборке нет 3 дн."
100000008770483100,peripheral,0.49,48,0.20441080796864025,"Входящих: 1, исходящих: 0; выраженные признаки основной структурной роли не достигли порога. Граница depth=4: дальнейшие переводы не наблюдаются."
100000008771627100,terminal,0.5576058800673488,1,0.10997308209959625,"Получил 16,500 KZT от 1 контрагентов; исходящих в выборке нет 2 дн."
100000008771814100,terminal,0.572497085869706,1,0.12409600717810679,"Получил 23,700 KZT от 1 контрагентов; исходящих в выборке нет 2 дн."
100000008771819100,terminal,0.5918760523248284,1,0.13647375504710635,"Получил 38,900 KZT от 1 контрагентов; исходящих в выборке нет 2 дн."
100000008772058100,terminal,0.6028914648361611,1,0.1553835800807537,"Получил 50,000 KZT от 1 контрагентов; исходящих в выборке нет 2 дн."
100000008772246100,terminal,0.5963298147908302,1,0.18630103185284883,"Получил 44,500 KZT от 1 контрагентов; исходящих в выборке нет 2 дн."
100000008773876100,terminal,0.5778008030047921,1,0.12054284432480933,"Получил 26,120 KZT от 1 контрагентов; исходящих в выборке нет 2 дн."
100000008774237100,peripheral,1.0,25,0.3499192462987887,"Входящих: 1, исходящих: 1; выраженные признаки основной структурной роли не достигли порога."
100000008775471100,peripheral,0.49,21,0.2561372812920592,"Входящих: 1, исходящих: 0; выраженные признаки основной структурной роли не достигли порога."
100000008775747100,peripheral,0.49,2,0.14528563973176273,"Входящих: 1, исходящих: 0; выраженные признаки основной структурной роли не достигли порога. Граница depth=4: дальнейшие переводы не наблюдаются."
100000008776298100,peripheral,0.49,1,0.13991027366532077,"Входящих: 1, исходящих: 0; выраженные признаки основной структурной роли не достигли порога."
100000008776310100,peripheral,0.49,1,0.15374158815612382,"Входящих: 1, исходящих: 0; выраженные признаки основной структурной роли не достигли порога."
100000008776420100,peripheral,0.49,1,0.20458501570210857,"Входящих: 1, исходящих: 0; выраженные признаки основной структурной роли не достигли порога."
100000008776576100,peripheral,0.49,1,0.09820547330641544,"Входящих: 1, исходящих: 0; выраженные признаки основной структурной роли не достигли порога."
100000008776720100,peripheral,0.49,1,0.11660834454912518,"Входящих: 1, исходящих: 0; выраженные признаки основной структурной роли не достигли порога."
100000008777088100,peripheral,0.49,1,0.10637954239569314,"Входящих: 1, исходящих: 0; выраженные признаки основной структурной роли не достигли порога."
100000008778010100,peripheral,0.49,1,0.1832077164647824,"Входящих: 1, исходящих: 0; выраженные признаки основной структурной роли не достигли порога. Граница depth=4: дальнейшие переводы не наблюдаются."
100000008778753100,peripheral,0.49,26,0.10853297442799462,"Входящих: 1, исходящих: 0; выраженные признаки основной структурной роли не достигли порога. Граница depth=4: дальнейшие переводы не наблюдаются."
100000008779584100,peripheral,0.49,1,0.12880663974876627,"Входящих: 1, исходящих: 0; выраженные признаки основной структурной роли не достигли порога."
100000008782056100,peripheral,0.49,1,0.12504262000897265,"Входящих: 1, исходящих: 0; выраженные признаки основной структурной роли не достигли порога."
100000008782421100,peripheral,0.49,1,0.14605204127411398,"Входящих: 1, исходящих: 0; выраженные признаки основной структурной роли не достигли порога."
100000008782800100,peripheral,0.49,1,0.1403723642889188,"Входящих: 1, исходящих: 0; выраженные признаки основной структурной роли не достигли порога."
